Date,Lag1,Lag2,Lag3,Lag4,Lag5,Volume,Today ,Direction
2018,0.099,1.847,0.773,0.647,0.027,8.2346,0.099,Up
2018,0.672,0.099,1.847,0.773,0.647,9.8204,0.672,Up
2018,-0.35,0.672,0.099,1.847,0.773,10.3176,-0.35,Down
2018,-2.917,-0.35,0.672,0.099,1.847,17.7986,-2.917,Down
2018,1.474,-2.917,-0.35,0.672,0.099,20.4185,1.474,Up
2018,-2.186,1.474,-2.917,-0.35,0.672,16.1019,-2.186,Down
2018,0.266,-2.186,1.474,-2.917,-0.35,15.1446,0.266,Up
2018,-1.319,0.266,-2.186,1.474,-2.917,12.1504,-1.319,Down
2018,-0.751,-1.319,0.266,-2.186,1.474,9.7977,-0.751,Down
2018,-0.431,-0.751,-1.319,0.266,-2.186,9.6663,-0.431,Down
2018,-0.947,-0.431,-0.751,-1.319,0.266,11.6961,-0.947,Down
2018,-1.557,-0.947,-0.431,-0.751,-1.319,16.5492,-1.557,Down
2018,-0.824,-1.557,-0.947,-0.431,-0.751,13.4515,-0.824,Down
2018,-1.532,-0.824,-1.557,-0.947,-0.431,21.4993,-1.532,Down
2018,-1.077,-1.532,-0.824,-1.557,-0.947,25.2053,-1.077,Down
2018,-2.448,-1.077,-1.532,-0.824,-1.557,25.5346,-2.448,Down
2018,-1.966,-2.448,-1.077,-1.532,-0.824,14.7312,-1.966,Down
2018,4.327,-1.966,-2.448,-1.077,-1.532,21.8485,4.327,Up
2018,2.267,4.327,-1.966,-2.448,-1.077,18.6267,2.267,Up
2018,-0.733,2.267,4.327,-1.966,-2.448,15.31,-0.733,Down
2018,0.144,-0.733,2.267,4.327,-1.966,14.4299,0.144,Up
2019,1.707,0.144,-0.733,2.267,4.327,12.6925,1.707,Up
2019,-1.619,1.707,0.144,-0.733,2.267,14.4141,-1.619,Down
2019,1.939,-1.619,1.707,0.144,-0.733,14.2629,1.939,Up
2019,0.669,1.939,-1.619,1.707,0.144,10.3139,0.669,Up
2019,-0.019,0.669,1.939,-1.619,1.707,10.2513,-0.019,Down
2019,0.159,-0.019,0.669,1.939,-1.619,9.5007,0.159,Up
2019,1.022,0.159,-0.019,0.669,1.939,9.6824,1.022,Up
2019,0.505,1.022,0.159,-0.019,0.669,7.3858,0.505,Up
2019,0.21,0.505,1.022,0.159,-0.019,7.0908,0.21,Up
2019,0.981,0.21,0.505,1.022,0.159,8.5208,0.981,Up
2019,0.058,0.981,0.21,0.505,1.022,7.7637,0.058,Up
2019,1.135,0.058,0.981,0.21,0.505,9.6118,1.135,Up
2019,0.559,1.135,0.058,0.981,0.21,12.79,0.559,Up
2019,-0.74,0.559,1.135,0.058,0.981,11.5531,-0.74,Down
2019,-0.227,-0.74,0.559,1.135,0.058,8.603,-0.227,Down
2019,0.129,-0.227,-0.74,0.559,1.135,5.9204,0.129,Up
2019,0.064,0.129,-0.227,-0.74,0.559,9.6883,0.064,Up
2019,0.14,0.064,0.129,-0.227,-0.74,8.5614,0.14,Up
2019,-0.193,0.14,0.064,0.129,-0.227,6.6136,-0.193,Down
2019,0.935,-0.193,0.14,0.064,0.129,9.2474,0.935,Up
2019,0.905,0.935,-0.193,0.14,0.064,10.4012,0.905,Up
2019,-0.033,0.905,0.935,-0.193,0.14,8.5783,-0.033,Down
2019,0.685,-0.033,0.905,0.935,-0.193,6.0745,0.685,Up
2019,0.242,0.685,-0.033,0.905,0.935,7.9553,0.242,Up
2019,-0.018,0.242,0.685,-0.033,0.905,5.8348,-0.018,Down
2019,-0.295,-0.018,0.242,0.685,-0.033,9.5482,-0.295,Down
2019,0.64,-0.295,-0.018,0.242,0.685,7.5789,0.64,Up
2019,-0.214,0.64,-0.295,-0.018,0.242,6.8021,-0.214,Down
2019,0.617,-0.214,0.64,-0.295,-0.018,7.227,0.617,Up
2019,-0.015,0.617,-0.214,0.64,-0.295,6.5277,-0.015,Down
2019,0.219,-0.015,0.617,-0.214,0.64,8.3234,0.219,Up
2019,0.365,0.219,-0.015,0.617,-0.214,9.7089,0.365,Up
2019,0.496,0.365,0.219,-0.015,0.617,5.9121,0.496,Up
2019,0.216,0.496,0.365,0.219,-0.015,7.6611,0.216,Up
2019,-0.101,0.216,0.496,0.365,0.219,6.4215,-0.101,Down
2019,0.37,-0.101,0.216,0.496,0.365,7.8115,0.37,Up
2019,-0.431,0.37,-0.101,0.216,0.496,6.9031,-0.431,Down
2019,0.068,-0.431,0.37,-0.101,0.216,5.6844,0.068,Up
2019,0.244,0.068,-0.431,0.37,-0.101,5.6922,0.244,Up
2019,-0.1,0.244,0.068,-0.431,0.37,6.9268,-0.1,Down
2019,-0.007,-0.1,0.244,0.068,-0.431,7.8881,-0.007,Down
2019,-0.781,-0.007,-0.1,0.244,0.068,10.6495,-0.781,Down
2019,-0.186,-0.781,-0.007,-0.1,0.244,5.9115,-0.186,Down
2019,-0.652,-0.186,-0.781,-0.007,-0.1,7.504,-0.652,Down
2019,-0.657,-0.652,-0.186,-0.781,-0.007,9.4885,-0.657,Down
2019,0.557,-0.657,-0.652,-0.186,-0.781,8.5796,0.557,Up
2019,1.155,0.557,-0.657,-0.652,-0.186,6.5099,1.155,Up
2019,0.154,1.155,0.557,-0.657,-0.652,7.9668,0.154,Up
2019,0.307,0.154,1.155,0.557,-0.657,8.0639,0.307,Up
2019,-0.075,0.307,0.154,1.155,0.557,6.7518,-0.075,Down
2019,0.274,-0.075,0.307,0.154,1.155,8.1309,0.274,Up
2019,0.277,0.274,-0.075,0.307,0.154,6.22,0.277,Up
2019,-0.392,0.277,0.274,-0.075,0.307,9.0268,-0.392,Down
2019,-0.216,-0.392,0.277,0.274,-0.075,8.4609,-0.216,Down
2019,1.457,-0.216,-0.392,0.277,0.274,7.955,1.457,Up
2019,-1.402,1.457,-0.216,-0.392,0.277,12.2659,-1.402,Down
2019,0.061,-1.402,1.457,-0.216,-0.392,8.5575,0.061,Up
2019,0.046,0.061,-1.402,1.457,-0.216,6.8126,0.046,Up
2019,-0.519,0.046,0.061,-1.402,1.457,7.2225,-0.519,Down
2019,0.128,-0.519,0.046,0.061,-1.402,5.6239,0.128,Up
2019,0.032,0.128,-0.519,0.046,0.061,8.2187,0.032,Up
2019,0.397,0.032,0.128,-0.519,0.046,7.7618,0.397,Up
2019,-0.024,0.397,0.032,0.128,-0.519,4.007,-0.024,Down
2019,-0.313,-0.024,0.397,0.032,0.128,6.8243,-0.313,Down
2019,0.139,-0.313,-0.024,0.397,0.032,4.8998,0.139,Up
2019,0.226,0.139,-0.313,-0.024,0.397,5.8622,0.226,Up
2019,0.24,0.226,0.139,-0.313,-0.024,5.3566,0.24,Up
2019,-0.143,0.24,0.226,0.139,-0.313,6.6142,-0.143,Down
2019,0.181,-0.143,0.24,0.226,0.139,5.2602,0.181,Up
2019,-0.215,0.181,-0.143,0.24,0.226,5.5093,-0.215,Down
2019,0.055,-0.215,0.181,-0.143,0.24,6.9728,0.055,Up
2019,-0.093,0.055,-0.215,0.181,-0.143,4.9597,-0.093,Down
2019,-0.272,-0.093,0.055,-0.215,0.181,5.2153,-0.272,Down
2019,-0.669,-0.272,-0.093,0.055,-0.215,5.8268,-0.669,Down
2019,-0.028,-0.669,-0.272,-0.093,0.055,6.8709,-0.028,Down
2019,0.38,-0.028,-0.669,-0.272,-0.093,4.016,0.38,Up
2019,0.757,0.38,-0.028,-0.669,-0.272,5.2247,0.757,Up
2019,-0.191,0.757,0.38,-0.028,-0.669,5.0393,-0.191,Down
2019,-0.024,-0.191,0.757,0.38,-0.028,5.7771,-0.024,Down
2019,0.448,-0.024,-0.191,0.757,0.38,5.0916,0.448,Up
2019,0.123,0.448,-0.024,-0.191,0.757,5.7198,0.123,Up
2019,0.181,0.123,0.448,-0.024,-0.191,8.1112,0.181,Up
2019,-0.987,0.181,0.123,0.448,-0.024,7.1672,-0.987,Down
2019,-0.171,-0.987,0.181,0.123,0.448,6.503,-0.171,Down
2019,0.413,-0.171,-0.987,0.181,0.123,5.6544,0.413,Up
2019,1.234,0.413,-0.171,-0.987,0.181,10.7198,1.234,Up
2019,-0.765,1.234,0.413,-0.171,-0.987,14.473,-0.765,Down
2019,0,-0.765,1.234,0.413,-0.171,9.1568,0,Down
2019,0.501,0,-0.765,1.234,0.413,10.3471,0.501,Up
2019,0.868,0.501,0,-0.765,1.234,11.2429,0.868,Up
2019,-0.552,0.868,0.501,0,-0.765,12.7291,-0.552,Down
2019,0.5,-0.552,0.868,0.501,0,7.7003,0.5,Up
2019,1.232,0.5,-0.552,0.868,0.501,7.3956,1.232,Up
2019,0.651,1.232,0.5,-0.552,0.868,7.675,0.651,Up
2019,0.245,0.651,1.232,0.5,-0.552,10.0353,0.245,Up
2019,-0.039,0.245,0.651,1.232,0.5,6.2878,-0.039,Down
2019,0.238,-0.039,0.245,0.651,1.232,4.6847,0.238,Up
2019,0.063,0.238,-0.039,0.245,0.651,4.9483,0.063,Up
2019,-0.36,0.063,0.238,-0.039,0.245,9.8734,-0.36,Down
2019,-0.338,-0.36,0.063,0.238,-0.039,5.5268,-0.338,Down
2019,-1.039,-0.338,-0.36,0.063,0.238,7.0029,-1.039,Down
2019,-0.229,-1.039,-0.338,-0.36,0.063,10.4973,-0.229,Down
2019,-0.029,-0.229,-1.039,-0.338,-0.36,6.2524,-0.029,Down
2019,-0.337,-0.029,-0.229,-1.039,-0.338,8.6863,-0.337,Down
2019,-0.269,-0.337,-0.029,-0.229,-1.039,9.6428,-0.269,Down
2019,1.231,-0.269,-0.337,-0.029,-0.229,7.7232,1.231,Up
2019,0.223,1.231,-0.269,-0.337,-0.029,7.117,0.223,Up
2019,0.533,0.223,1.231,-0.269,-0.337,6.943,0.533,Up
2019,0.602,0.533,0.223,1.231,-0.269,7.4272,0.602,Up
2019,-0.138,0.602,0.533,0.223,1.231,6.0799,-0.138,Down
2019,-0.718,-0.138,0.602,0.533,0.223,5.8641,-0.718,Down
2019,-0.087,-0.718,-0.138,0.602,0.533,4.7096,-0.087,Down
2019,0.062,-0.087,-0.718,-0.138,0.602,4.8945,0.062,Up
2019,0,0.062,-0.087,-0.718,-0.138,5.2325,0,Down
2019,-0.052,0,0.062,-0.087,-0.718,3.9206,-0.052,Down
2019,0.347,-0.052,0,0.062,-0.087,8.5435,0.347,Up
2019,0.174,0.347,-0.052,0,0.062,7.8674,0.174,Up
2019,-0.061,0.174,0.347,-0.052,0,11.657,-0.061,Down
2019,-0.044,-0.061,0.174,0.347,-0.052,8.331,-0.044,Down
2019,-0.201,-0.044,-0.061,0.174,0.347,4.7583,-0.201,Down
2019,-1.001,-0.201,-0.044,-0.061,0.174,8.2029,-1.001,Down
2019,-0.439,-1.001,-0.201,-0.044,-0.061,5.1585,-0.439,Down
2019,0.065,-0.439,-1.001,-0.201,-0.044,4.0355,0.065,Up
2019,0.144,0.065,-0.439,-1.001,-0.201,5.9351,0.144,Up
2019,-0.344,0.144,0.065,-0.439,-1.001,7.8706,-0.344,Down
2019,0.277,-0.344,0.144,0.065,-0.439,6.1505,0.277,Up
2019,0.545,0.277,-0.344,0.144,0.065,4.0899,0.545,Up
2019,0.343,0.545,0.277,-0.344,0.144,5.1677,0.343,Up
2019,-0.064,0.343,0.545,0.277,-0.344,4.5842,-0.064,Down
2019,0.558,-0.064,0.343,0.545,0.277,4.1101,0.558,Up
2019,0.08,0.558,-0.064,0.343,0.545,5.8449,0.08,Up
2019,-0.003,0.08,0.558,-0.064,0.343,5.0826,-0.003,Down
2019,0.267,-0.003,0.08,0.558,-0.064,4.0326,0.267,Up
2019,-0.126,0.267,-0.003,0.08,0.558,3.39,-0.126,Down
2019,-0.289,-0.126,0.267,-0.003,0.08,3.665,-0.289,Down
2019,-0.671,-0.289,-0.126,0.267,-0.003,3.6036,-0.671,Down
2019,0.552,-0.671,-0.289,-0.126,0.267,5.1393,0.552,Up
2019,-0.957,0.552,-0.671,-0.289,-0.126,5.8679,-0.957,Down
2019,0.097,-0.957,0.552,-0.671,-0.289,4.3638,0.097,Up
2019,0.298,0.097,-0.957,0.552,-0.671,4.4565,0.298,Up
2019,0.752,0.298,0.097,-0.957,0.552,4.7213,0.752,Up
2019,-0.312,0.752,0.298,0.097,-0.957,5.5394,-0.312,Down
2019,0.416,-0.312,0.752,0.298,0.097,4.5084,0.416,Up
2019,-0.139,0.416,-0.312,0.752,0.298,3.8127,-0.139,Down
2019,0.27,-0.139,0.416,-0.312,0.752,4.5849,0.27,Up
2019,-1.183,0.27,-0.139,0.416,-0.312,10.4245,-1.183,Down
2019,-0.927,-1.183,0.27,-0.139,0.416,14.2647,-0.927,Down
2019,-0.419,-0.927,-1.183,0.27,-0.139,11.675,-0.419,Down
2019,-1.482,-0.419,-0.927,-1.183,0.27,17.8745,-1.482,Down
2019,0.661,-1.482,-0.419,-0.927,-1.183,12.0712,0.661,Up
2019,1.255,0.661,-1.482,-0.419,-0.927,14.0572,1.255,Up
2019,1.381,1.255,0.661,-1.482,-0.419,8.7714,1.381,Up
2019,-0.328,1.381,1.255,0.661,-1.482,9.373,-0.328,Down
2019,-0.652,-0.328,1.381,1.255,0.661,6.5528,-0.652,Down
2019,1.672,-0.652,-0.328,1.381,1.255,9.43,1.672,Up
2019,-1.448,1.672,-0.652,-0.328,1.381,13.5622,-1.448,Down
2019,-0.081,-1.448,1.672,-0.652,-0.328,9.9557,-0.081,Down
2019,0.827,-0.081,-1.448,1.672,-0.652,8.3018,0.827,Up
2019,0.048,0.827,-0.081,-1.448,1.672,5.3572,0.048,Up
2019,-0.576,0.048,0.827,-0.081,-1.448,5.1596,-0.576,Down
2019,-0.01,-0.576,0.048,0.827,-0.081,4.9525,-0.01,Down
2019,-0.297,-0.01,-0.576,0.048,0.827,5.1666,-0.297,Down
2019,-2.086,-0.297,-0.01,-0.576,0.048,14.9162,-2.086,Down
2019,0.254,-2.086,-0.297,-0.01,-0.576,7.2424,0.254,Up
2019,-0.922,0.254,-2.086,-0.297,-0.01,6.6669,-0.922,Down
2019,0.961,-0.922,0.254,-2.086,-0.297,5.9697,0.961,Up
2019,0.295,0.961,-0.922,0.254,-2.086,5.7899,0.295,Up
2019,-0.602,0.295,0.961,-0.922,0.254,6.2901,-0.602,Down
2019,0.058,-0.602,0.295,0.961,-0.922,6.9101,0.058,Up
2019,0.307,0.058,-0.602,0.295,0.961,4.6887,0.307,Up
2019,0.347,0.307,0.058,-0.602,0.295,8.3258,0.347,Up
2019,-0.04,0.347,0.307,0.058,-0.602,4.9584,-0.04,Down
2019,-0.314,-0.04,0.347,0.307,0.058,5.126,-0.314,Down
2019,0.259,-0.314,-0.04,0.347,0.307,5.7947,0.259,Up
2019,0.596,0.259,-0.314,-0.04,0.347,6.8821,0.596,Up
2019,0.013,0.596,0.259,-0.314,-0.04,7.2909,0.013,Up
2019,-0.229,0.013,0.596,0.259,-0.314,6.2105,-0.229,Down
2019,0.107,-0.229,0.013,0.596,0.259,5.8191,0.107,Up
2019,0.327,0.107,-0.229,0.013,0.596,4.1476,0.327,Up
2019,0.203,0.327,0.107,-0.229,0.013,7.3376,0.203,Up
2019,-0.149,0.203,0.327,0.107,-0.229,7.6561,-0.149,Down
2019,-0.692,-0.149,0.203,0.327,0.107,8.9565,-0.692,Down
2019,0.222,-0.692,-0.149,0.203,0.327,4.3477,0.222,Up
2019,-1.182,0.222,-0.692,-0.149,0.203,9.4869,-1.182,Down
2019,0.561,-1.182,0.222,-0.692,-0.149,7.1854,0.561,Up
2019,-0.212,0.561,-1.182,0.222,-0.692,5.618,-0.212,Down
2019,-0.816,-0.212,0.561,-1.182,0.222,8.4747,-0.816,Down
2019,0.27,-0.816,-0.212,0.561,-1.182,5.1662,0.27,Up
2019,-1.511,0.27,-0.816,-0.212,0.561,8.8242,-1.511,Down
2019,-1.18,-1.511,0.27,-0.816,-0.212,12.254,-1.18,Down
2019,0.907,-1.18,-1.511,0.27,-0.816,8.5279,0.907,Up
2019,1.103,0.907,-1.18,-1.511,0.27,6.5091,1.103,Up
2019,-0.133,1.103,0.907,-1.18,-1.511,5.9611,-0.133,Down
2019,-0.862,-0.133,1.103,0.907,-1.18,9.5708,-0.862,Down
2019,0.179,-0.862,-0.133,1.103,0.907,6.2359,0.179,Up
2019,0.707,0.179,-0.862,-0.133,1.103,5.5296,0.707,Up
2019,0.003,0.707,0.179,-0.862,-0.133,9.872,0.003,Up
2019,0.007,0.003,0.707,0.179,-0.862,4.0395,0.007,Up
2019,0.599,0.007,0.003,0.707,0.179,4.6755,0.599,Up
2019,0.01,0.599,0.007,0.003,0.707,4.8928,0.01,Up
2019,-0.133,0.01,0.599,0.007,0.003,4.5737,-0.133,Down
2019,-0.241,-0.133,0.01,0.599,0.007,6.4304,-0.241,Down
2019,0.19,-0.241,-0.133,0.01,0.599,3.9049,0.19,Up
2019,-0.522,0.19,-0.241,-0.133,0.01,4.8595,-0.522,Down
2019,0.385,-0.522,0.19,-0.241,-0.133,3.4352,0.385,Up
2019,-0.179,0.385,-0.522,0.19,-0.241,3.5453,-0.179,Down
2019,0.621,-0.179,0.385,-0.522,0.19,4.5205,0.621,Up
2019,0.119,0.621,-0.179,0.385,-0.522,4.2147,0.119,Up
2019,0.069,0.119,0.621,-0.179,0.385,4.4285,0.069,Up
2019,0.234,0.069,0.119,0.621,-0.179,4.9644,0.234,Up
2019,-0.263,0.234,0.069,0.119,0.621,6.9054,-0.263,Down
2019,0.4,-0.263,0.234,0.069,0.119,7.1142,0.4,Up
2019,-0.156,0.4,-0.263,0.234,0.069,6.0607,-0.156,Down
2019,-0.182,-0.156,0.4,-0.263,0.234,4.2933,-0.182,Down
2019,0.023,-0.182,-0.156,0.4,-0.263,4.6487,0.023,Up
2019,-0.126,0.023,-0.182,-0.156,0.4,5.4272,-0.126,Down
2019,0.37,-0.126,0.023,-0.182,-0.156,4.9032,0.37,Up
2019,0.303,0.37,-0.126,0.023,-0.182,3.5797,0.303,Up
2019,0.081,0.303,0.37,-0.126,0.023,4.6485,0.081,Up
2019,0.386,0.081,0.303,0.37,-0.126,5.3918,0.386,Up
2019,0.246,0.386,0.081,0.303,0.37,5.122,0.246,Up
2019,0.248,0.246,0.386,0.081,0.303,6.2024,0.248,Up
2019,0.157,0.248,0.246,0.386,0.081,4.9228,0.157,Up
2019,-0.24,0.157,0.248,0.246,0.386,6.7805,-0.24,Down
2019,-0.164,-0.24,0.157,0.248,0.246,7.9406,-0.164,Down
2019,-0.199,-0.164,-0.24,0.157,0.248,5.4665,-0.199,Down
2019,-0.042,-0.199,-0.164,-0.24,0.157,4.485,-0.042,Down
2019,0.446,-0.042,-0.199,-0.164,-0.24,4.8647,0.446,Up
2019,0.214,0.446,-0.042,-0.199,-0.164,3.7569,0.214,Up
2019,0.277,0.214,0.446,-0.042,-0.199,4.4445,0.277,Up
2019,-0.175,0.277,0.214,0.446,-0.042,3.6593,-0.175,Down
2019,-0.938,-0.175,0.277,0.214,0.446,7.5768,-0.938,Down
2019,0.292,-0.938,-0.175,0.277,0.214,7.3942,0.292,Up
2019,0.245,0.292,-0.938,-0.175,0.277,4.908,0.245,Up
2019,-0.067,0.245,0.292,-0.938,-0.175,4.0709,-0.067,Down
2019,0.239,-0.067,0.245,0.292,-0.938,4.8927,0.239,Up
2019,-0.178,0.239,-0.067,0.245,0.292,3.4839,-0.178,Down
2019,-0.092,-0.178,0.239,-0.067,0.245,5.265,-0.092,Down
2019,0.124,-0.092,-0.178,0.239,-0.067,5.3429,0.124,Up
2019,0.859,0.124,-0.092,-0.178,0.239,9.639,0.859,Up
2019,0.142,0.859,0.124,-0.092,-0.178,8.1504,0.142,Up
2019,0.088,0.142,0.859,0.124,-0.092,8.275,0.088,Up
2019,-0.109,0.088,0.142,0.859,0.124,6.1098,-0.109,Down
2019,-0.128,-0.109,0.088,0.142,0.859,4.8133,-0.128,Down
2019,0.344,-0.128,-0.109,0.088,0.142,8.5311,0.344,Up
2019,0.084,0.344,-0.128,-0.109,0.088,14.7142,0.084,Up
2019,-0.115,0.084,0.344,-0.128,-0.109,5.299,-0.115,Down
2019,-0.075,-0.115,0.084,0.344,-0.128,2.027,-0.075,Down
2019,0.401,-0.075,-0.115,0.084,0.344,3.0911,0.401,Up
2019,-0.272,0.401,-0.075,-0.115,0.084,4.2529,-0.272,Down
2019,-0.579,-0.272,0.401,-0.075,-0.115,4.9729,-0.579,Down
2019,0.415,-0.579,-0.272,0.401,-0.075,5.7077,0.415,Up
2020,0.411,0.415,-0.579,-0.272,0.401,5.9151,0.411,Up
2020,0.389,0.411,0.415,-0.579,-0.272,7.771,0.389,Up
2020,0.983,0.389,0.411,0.415,-0.579,5.5654,0.983,Up
2020,-0.09,0.983,0.389,0.411,0.415,4.0496,-0.09,Down
2020,0.468,-0.09,0.983,0.389,0.411,6.8296,0.468,Up
2020,0.15,0.468,-0.09,0.983,0.389,4.8473,0.15,Up
2020,-0.483,0.15,0.468,-0.09,0.983,5.3029,-0.483,Down
2020,0.478,-0.483,0.15,0.468,-0.09,4.7087,0.478,Up
2020,-0.006,0.478,-0.483,0.15,0.468,6.2833,-0.006,Down
2020,0.257,-0.006,0.478,-0.483,0.15,7.2057,0.257,Up
2020,0.37,0.257,-0.006,0.478,-0.483,5.405,0.37,Up
2020,0.075,0.37,0.257,-0.006,0.478,9.5846,0.075,Up
2020,0.121,0.075,0.37,0.257,-0.006,7.7742,0.121,Up
2020,-0.271,0.121,0.075,0.37,0.257,4.8915,-0.271,Down
2020,0.33,-0.271,0.121,0.075,0.37,5.1963,0.33,Up
2020,-1.104,0.33,-0.271,0.121,0.075,8.7578,-1.104,Down
2020,0.145,-1.104,0.33,-0.271,0.121,8.4063,0.145,Up
2020,0.563,0.145,-1.104,0.33,-0.271,6.3834,0.563,Up
2020,-0.536,0.563,0.145,-1.104,0.33,5.3889,-0.536,Down
2020,1.024,-0.536,0.563,0.145,-1.104,7.5492,1.024,Up
2020,-1.612,1.024,-0.536,0.563,0.145,11.3846,-1.612,Down
2020,0.238,-1.612,1.024,-0.536,0.563,6.9083,0.238,Up
2020,0.302,0.238,-1.612,1.024,-0.536,6.2573,0.302,Up
2020,0.178,0.302,0.238,-1.612,1.024,6.5951,0.178,Up
2020,0.021,0.178,0.302,0.238,-1.612,5.036,0.021,Up
2020,-0.186,0.021,0.178,0.302,0.238,6.4139,-0.186,Down
2020,1.042,-0.186,0.021,0.178,0.302,4.207,1.042,Up
2020,-0.268,1.042,-0.186,0.021,0.178,5.4865,-0.268,Down
2020,0.175,-0.268,1.042,-0.186,0.021,4.3993,0.175,Up
2020,0.357,0.175,-0.268,1.042,-0.186,5.4502,0.357,Up
2020,0.027,0.357,0.175,-0.268,1.042,6.4582,0.027,Up
2020,0.065,0.027,0.357,0.175,-0.268,5.7226,0.065,Up
2020,0.163,0.065,0.027,0.357,0.175,4.8815,0.163,Up
2020,-0.234,0.163,0.065,0.027,0.357,7.4163,-0.234,Down
2020,-0.593,-0.234,0.163,0.065,0.027,11.3788,-0.593,Down
2020,-0.223,-0.593,-0.234,0.163,0.065,16.1088,-0.223,Down
2020,-3.485,-0.223,-0.593,-0.234,0.163,21.8913,-3.485,Down
2020,-0.853,-3.485,-0.223,-0.593,-0.234,19.4774,-0.853,Down
2020,-2.603,-0.853,-3.485,-0.223,-0.593,28.4354,-2.603,Down
2020,2.619,-2.603,-0.853,-3.485,-0.223,38.4976,2.619,Up
2020,3.648,2.619,-2.603,-0.853,-3.485,23.8704,3.648,Up
2020,-2.992,3.648,2.619,-2.603,-0.853,30.0139,-2.992,Down
2020,2.202,-2.992,3.648,2.619,-2.603,17.6613,2.202,Up
2020,-0.826,2.202,-2.992,3.648,2.619,18.6367,-0.826,Down
2020,1.47,-0.826,2.202,-2.992,3.648,22.8667,1.47,Up
2020,-0.389,1.47,-0.826,2.202,-2.992,30.9417,-0.389,Down
2020,1.328,-0.389,1.47,-0.826,2.202,27.6444,1.328,Up
2020,-2.259,1.328,-0.389,1.47,-0.826,25.5316,-2.259,Down
2020,-3.082,-2.259,1.328,-0.389,1.47,39.2221,-3.082,Down
2020,2.368,-3.082,-2.259,1.328,-0.389,32.9566,2.368,Up
2020,-0.551,2.368,-3.082,-2.259,1.328,29.724,-0.551,Down
2020,3.167,-0.551,2.368,-3.082,-2.259,26.2071,3.167,Up
2020,1.587,3.167,-0.551,2.368,-3.082,32.7597,1.587,Up
2020,0.527,1.587,3.167,-0.551,2.368,28.9322,0.527,Up
2020,-5.661,0.527,1.587,3.167,-0.551,34.7159,-5.661,Down
2020,-2.296,-5.661,0.527,1.587,3.167,32.6025,-2.296,Down
2020,3.724,-2.296,-5.661,0.527,1.587,23.5495,3.724,Up
2020,0.784,3.724,-2.296,-5.661,0.527,29.943,0.784,Up
2020,4.681,0.784,3.724,-2.296,-5.661,25.7633,4.681,Up
2020,0.059,4.681,0.784,3.724,-2.296,22.4341,0.059,Up
2020,2.327,0.059,4.681,0.784,3.724,17.137,2.327,Up
2020,-1.078,2.327,0.059,4.681,0.784,19.4881,-1.078,Down
2020,-0.738,-1.078,2.327,0.059,4.681,18.9555,-0.738,Down
2020,2.708,-0.738,-1.078,2.327,0.059,17.766,2.708,Up
2020,-1.025,2.708,-0.738,-1.078,2.327,13.5561,-1.025,Down
2020,2.723,-1.025,2.708,-0.738,-1.078,18.8061,2.723,Up
2020,-3.311,2.723,-1.025,2.708,-0.738,20.1427,-3.311,Down
2020,2.265,-3.311,2.723,-1.025,2.708,15.3775,2.265,Up
2020,0.223,2.265,-3.311,2.723,-1.025,18.9999,0.223,Up
2020,-0.534,0.223,2.265,-3.311,2.723,11.4839,-0.534,Down
2020,1,-0.534,0.223,2.265,-3.311,13.4143,1,Up
2020,0.068,1,-0.534,0.223,2.265,12.1775,0.068,Up
2020,-0.018,0.068,1,-0.534,0.223,13.1798,-0.018,Down
2020,0.442,-0.018,0.068,1,-0.534,14.6685,0.442,Up
2020,-0.361,0.442,-0.018,0.068,1,10.0109,-0.361,Down
2020,-1.333,-0.361,0.442,-0.018,0.068,12.6386,-1.333,Down
2020,0.269,-1.333,-0.361,0.442,-0.018,9.2952,0.269,Up
2020,-0.503,0.269,-1.333,-0.361,0.442,10.471,-0.503,Down
2020,0.798,-0.503,0.269,-1.333,-0.361,8.5063,0.798,Up
2020,0.677,0.798,-0.503,0.269,-1.333,7.7897,0.677,Up
2020,-1.818,0.677,0.798,-0.503,0.269,10.527,-1.818,Down
2020,0.576,-1.818,0.677,0.798,-0.503,11.8746,0.576,Up
2020,-0.422,0.576,-1.818,0.677,0.798,12.2902,-0.422,Down
2020,-0.883,-0.422,0.576,-1.818,0.677,12.518,-0.883,Down
2020,1.008,-0.883,-0.422,0.576,-1.818,8.0873,1.008,Up
2020,-0.157,1.008,-0.883,-0.422,0.576,7.957,-0.157,Down
2020,-1.316,-0.157,1.008,-0.883,-0.422,7.3633,-1.316,Down
2020,-0.024,-1.316,-0.157,1.008,-0.883,7.525,-0.024,Down
2020,0.464,-0.024,-1.316,-0.157,1.008,7.6452,0.464,Up
2020,0.744,0.464,-0.024,-1.316,-0.157,7.9514,0.744,Up
2020,-2.423,0.744,0.464,-0.024,-1.316,9.5871,-2.423,Down
2020,-1.559,-2.423,0.744,0.464,-0.024,14.4721,-1.559,Down
2020,2.158,-1.559,-2.423,0.744,0.464,12.1978,2.158,Up
2020,1.385,2.158,-1.559,-2.423,0.744,11.1146,1.385,Up
2020,0.665,1.385,2.158,-1.559,-2.423,11.9704,0.665,Up
2020,-0.809,0.665,1.385,2.158,-1.559,9.5189,-0.809,Down
2020,0.375,-0.809,0.665,1.385,2.158,8.5862,0.375,Up
2020,-0.644,0.375,-0.809,0.665,1.385,7.8294,-0.644,Down
2020,0.295,-0.644,0.375,-0.809,0.665,6.3958,0.295,Up
2020,-0.944,0.295,-0.644,0.375,-0.809,8.8951,-0.944,Down
2020,0.467,-0.944,0.295,-0.644,0.375,10.4817,0.467,Up
2020,-0.551,0.467,-0.944,0.295,-0.644,9.0405,-0.551,Down
2020,0.615,-0.551,0.467,-0.944,0.295,11.9091,0.615,Up
2020,0.636,0.615,-0.551,0.467,-0.944,5.5758,0.636,Up
2020,0.499,0.636,0.615,-0.551,0.467,7.4267,0.499,Up
2020,0.625,0.499,0.636,0.615,-0.551,9.2568,0.625,Up
2020,0.08,0.625,0.499,0.636,0.615,7.5794,0.08,Up
2020,0.665,0.08,0.625,0.499,0.636,15.0525,0.665,Up
2020,0.931,0.665,0.08,0.625,0.499,7.3641,0.931,Up
2020,0.153,0.931,0.665,0.08,0.625,7.7479,0.153,Up
2020,-0.753,0.153,0.931,0.665,0.08,9.5001,-0.753,Down
2020,-3.484,-0.753,0.153,0.931,0.665,20.9244,-3.484,Down
2020,-1.307,-3.484,-0.753,0.153,0.931,19.4679,-1.307,Down
2020,3.03,-1.307,-3.484,-0.753,0.153,13.5783,3.03,Up
2020,-0.799,3.03,-1.307,-3.484,-0.753,13.7628,-0.799,Down
2020,-0.767,-0.799,3.03,-1.307,-3.484,8.3399,-0.767,Down
2020,0.571,-0.767,-0.799,3.03,-1.307,8.0829,0.571,Up
2020,-1.76,0.571,-0.767,-0.799,3.03,13.555,-1.76,Down
2020,0.854,-1.76,0.571,-0.767,-0.799,7.4649,0.854,Up
2020,-0.459,0.854,-1.76,0.571,-0.767,6.8471,-0.459,Down
2020,-1.856,-0.459,0.854,-1.76,0.571,13.2814,-1.856,Down
2020,1.279,-1.856,-0.459,0.854,-1.76,8.9468,1.279,Up
2020,-1.996,1.279,-1.856,-0.459,0.854,12.7961,-1.996,Down
2020,1.012,-1.996,1.279,-1.856,-0.459,7.9773,1.012,Up
2020,1.438,1.012,-1.996,1.279,-1.856,11.3395,1.438,Up
2020,0.307,1.438,1.012,-1.996,1.279,7.2397,0.307,Up
2020,-0.64,0.307,1.438,1.012,-1.996,6.9344,-0.64,Down
2020,0.215,-0.64,0.307,1.438,1.012,6.1714,0.215,Up
2020,-0.507,0.215,-0.64,0.307,1.438,8.291,-0.507,Down
2020,0.499,-0.507,0.215,-0.64,0.307,5.4639,0.499,Up
2020,-0.776,0.499,-0.507,0.215,-0.64,8.3354,-0.776,Down
2020,1.044,-0.776,0.499,-0.507,0.215,5.755,1.044,Up
2020,-1.652,1.044,-0.776,0.499,-0.507,10.2998,-1.652,Down
2020,1.794,-1.652,1.044,-0.776,0.499,9.3657,1.794,Up
2020,-0.174,1.794,-1.652,1.044,-0.776,8.7197,-0.174,Down
2020,0.313,-0.174,1.794,-1.652,1.044,5.4623,0.313,Up
2020,-0.05,0.313,-0.174,1.794,-1.652,6.2775,-0.05,Down
2020,0.899,-0.05,0.313,-0.174,1.794,5.6309,0.899,Up
2020,-0.441,0.899,-0.05,0.313,-0.174,5.7292,-0.441,Down
2020,0.69,-0.441,0.899,-0.05,0.313,5.7793,0.69,Up
2020,-1.075,0.69,-0.441,0.899,-0.05,7.5738,-1.075,Down
2020,-0.022,-1.075,0.69,-0.441,0.899,7.3767,-0.022,Down
2020,0.494,-0.022,-1.075,0.69,-0.441,4.8293,0.494,Up
2020,-0.391,0.494,-0.022,-1.075,0.69,5.7495,-0.391,Down
2020,0.931,-0.391,0.494,-0.022,-1.075,4.8454,0.931,Up
2020,0.64,0.931,-0.391,0.494,-0.022,6.1862,0.64,Up
2020,0.19,0.64,0.931,-0.391,0.494,8.4987,0.19,Up
2020,0.143,0.19,0.64,0.931,-0.391,5.3078,0.143,Up
2020,0.671,0.143,0.19,0.64,0.931,4.1918,0.671,Up
2020,0.193,0.671,0.143,0.19,0.64,4.2698,0.193,Up
2020,0.86,0.193,0.671,0.143,0.19,4.3679,0.86,Up
2020,0.387,0.86,0.193,0.671,0.143,5.7308,0.387,Up
2020,0.152,0.387,0.86,0.193,0.671,4.4282,0.152,Up
2020,-1.202,0.152,0.387,0.86,0.193,6.9601,-1.202,Down
2020,0.596,-1.202,0.152,0.387,0.86,5.3774,0.596,Up
2020,0.065,0.596,-1.202,0.152,0.387,4.1816,0.065,Up
2020,0.128,0.065,0.596,-1.202,0.152,4.726,0.128,Up
2020,-0.009,0.128,0.065,0.596,-1.202,3.5481,-0.009,Down
2020,0.089,-0.009,0.128,0.065,0.596,3.8734,0.089,Up
2020,-0.537,0.089,-0.009,0.128,0.065,6.8054,-0.537,Down
2020,0.871,-0.537,0.089,-0.009,0.128,4.2208,0.871,Up
2020,0.462,0.871,-0.537,0.089,-0.009,5.5107,0.462,Up
2020,0.234,0.462,0.871,-0.537,0.089,4.8589,0.234,Up
2020,0.172,0.234,0.462,0.871,-0.537,3.8463,0.172,Up
2020,0.815,0.172,0.234,0.462,0.871,5.079,0.815,Up
2020,-0.052,0.815,0.172,0.234,0.462,5.8034,-0.052,Down
2020,0.326,-0.052,0.815,0.172,0.234,4.8589,0.326,Up
2020,-0.297,0.326,-0.052,0.815,0.172,6.6099,-0.297,Down
2020,0.682,-0.297,0.326,-0.052,0.815,5.4909,0.682,Up
2020,0.854,0.682,-0.297,0.326,-0.052,6.954,0.854,Up
2020,-2.945,0.854,0.682,-0.297,0.326,14.8011,-2.945,Down
2020,-1.029,-2.945,0.854,0.682,-0.297,13.9156,-1.029,Down
2020,-1.039,-1.029,-2.945,0.854,0.682,11.4465,-1.039,Down
2020,0.664,-1.039,-1.029,-2.945,0.854,9.1462,0.664,Up
2020,-2.32,0.664,-1.039,-1.029,-2.945,9.057,-2.32,Down
2020,-0.524,-2.32,0.664,-1.039,-1.029,8.468,-0.524,Down
2020,0.287,-0.524,-2.32,0.664,-1.039,6.5606,0.287,Up
2020,-0.278,0.287,-0.524,-2.32,0.664,5.2921,-0.278,Down
2020,-0.788,-0.278,0.287,-0.524,-2.32,8.2096,-0.788,Down
2020,0.684,-0.788,-0.278,0.287,-0.524,9.1523,0.684,Up
2020,-1.407,0.684,-0.788,-0.278,0.287,10.5878,-1.407,Down
2020,0.39,-1.407,0.684,-0.788,-0.278,9.9451,0.39,Up
2020,0.527,0.39,-1.407,0.684,-0.788,6.3612,0.527,Up
2020,-2.496,0.527,0.39,-1.407,0.684,9.3112,-2.496,Down
2020,0.71,-2.496,0.527,0.39,-1.407,7.6681,0.71,Up
2020,1.907,0.71,-2.496,0.527,0.39,7.1069,1.907,Up
2020,0.291,1.907,0.71,-2.496,0.527,6.4585,0.291,Up
2020,-0.479,0.291,1.907,0.71,-2.496,5.1304,-0.479,Down
2020,0.54,-0.479,0.291,1.907,0.71,10.4081,0.54,Up
2020,-0.192,0.54,-0.479,0.291,1.907,8.8699,-0.192,Down
2020,0.645,-0.192,0.54,-0.479,0.291,8.9431,0.645,Up
2020,1.101,0.645,-0.192,0.54,-0.479,4.5713,1.101,Up
2020,-1.465,1.101,0.645,-0.192,0.54,9.0129,-1.465,Down
2020,0.781,-1.465,1.101,0.645,-0.192,5.7,0.781,Up
2020,0.271,0.781,-1.465,1.101,0.645,4.5243,0.271,Up
2020,0.373,0.271,0.781,-1.465,1.101,5.9529,0.373,Up
2020,0.812,0.373,0.271,0.781,-1.465,8.0389,0.812,Up
2020,-0.61,0.812,0.373,0.271,0.781,7.3256,-0.61,Down
2020,-0.804,-0.61,0.812,0.373,0.271,5.7728,-0.804,Down
2020,1.103,-0.804,-0.61,0.812,0.373,6.0358,1.103,Up
2020,-0.479,1.103,-0.804,-0.61,0.812,8.9502,-0.479,Down
2020,-1.904,-0.479,1.103,-0.804,-0.61,6.8426,-1.904,Down
2020,-0.023,-1.904,-0.479,1.103,-0.804,6.0052,-0.023,Down
2020,-0.175,-0.023,-1.904,-0.479,1.103,6.3575,-0.175,Down
2020,0.481,-0.175,-0.023,-1.904,-0.479,5.5399,0.481,Up
2020,-0.043,0.481,-0.175,-0.023,-1.904,4.9144,-0.043,Down
2020,-0.801,-0.043,0.481,-0.175,-0.023,9.1473,-0.801,Down
2020,-0.453,-0.801,-0.043,0.481,-0.175,6.5994,-0.453,Down
2020,-1.638,-0.453,-0.801,-0.043,0.481,12.7094,-1.638,Down
2020,0.939,-1.638,-0.453,-0.801,-0.043,9.0598,0.939,Up
2020,-0.53,0.939,-1.638,-0.453,-0.801,12.0287,-0.53,Down
2020,0,-0.53,0.939,-1.638,-0.453,8.6068,0,Down
2020,0.701,0,-0.53,0.939,-1.638,9.3294,0.701,Up
2020,0.786,0.701,0,-0.53,0.939,12.696,0.786,Up
2020,0.286,0.786,0.701,0,-0.53,8.204,0.286,Up
2020,0.066,0.286,0.786,0.701,0,7.4973,0.066,Up
2020,-2.585,0.066,0.286,0.786,0.701,17.2304,-2.585,Down
2020,0.156,-2.585,0.066,0.286,0.786,8.5552,0.156,Up
2020,0.076,0.156,-2.585,0.066,0.286,5.8649,0.076,Up
2020,-0.667,0.076,0.156,-2.585,0.066,6.7546,-0.667,Down
2020,0.797,-0.667,0.076,0.156,-2.585,6.2892,0.797,Up
2020,0.44,0.797,-0.667,0.076,0.156,7.4541,0.44,Up
2020,0.181,0.44,0.797,-0.667,0.076,6.6111,0.181,Up
2020,-1.283,0.181,0.44,0.797,-0.667,7.0591,-1.283,Down
2020,0.613,-1.283,0.181,0.44,0.797,5.9941,0.613,Up
2020,-0.607,0.613,-1.283,0.181,0.44,7.0417,-0.607,Down
2020,0.05,-0.607,0.613,-1.283,0.181,6.3231,0.05,Up
2020,0.836,0.05,-0.607,0.613,-1.283,6.2416,0.836,Up
2020,-0.129,0.836,0.05,-0.607,0.613,4.5331,-0.129,Down
2020,-0.047,-0.129,0.836,0.05,-0.607,2.8514,-0.047,Down
2020,-0.212,-0.047,-0.129,0.836,0.05,8.3873,-0.212,Down
2020,0.123,-0.212,-0.047,-0.129,0.836,7.4231,0.123,Up
2020,0.54,0.123,-0.212,-0.047,-0.129,4.5927,0.54,Up
2020,0.003,0.54,0.123,-0.212,-0.047,6.2882,0.003,Up
2020,0.689,0.003,0.54,0.123,-0.212,5.075,0.689,Up
2020,0.019,0.689,0.003,0.54,0.123,4.8944,0.019,Up
2020,0.666,0.019,0.689,0.003,0.54,4.2459,0.666,Up
2020,-1.087,0.666,0.019,0.689,0.003,7.4098,-1.087,Down
2020,0.372,-1.087,0.666,0.019,0.689,5.7735,0.372,Up
2020,0.384,0.372,-1.087,0.666,0.019,5.7699,0.384,Up
2020,-1.08,0.384,0.372,-1.087,0.666,6.9216,-1.08,Down
2020,0.596,-1.08,0.384,0.372,-1.087,6.3865,0.596,Up
2020,0.095,0.596,-1.08,0.384,0.372,5.8421,0.095,Up
2020,0.081,0.095,0.596,-1.08,0.384,6.412,0.081,Up
2020,-0.483,0.081,0.095,0.596,-1.08,13.6542,-0.483,Down
2020,0.792,-0.483,0.081,0.095,0.596,9.6387,0.792,Up
2020,-0.263,0.792,-0.483,0.081,0.095,4.7949,-0.263,Down
2020,-0.193,-0.263,0.792,-0.483,0.081,4.6201,-0.193,Down
2020,0.25,-0.193,-0.263,0.792,-0.483,2.6458,0.25,Up
2020,0.116,0.25,-0.193,-0.263,0.792,3.9,0.116,Up
2020,-0.629,0.116,0.25,-0.193,-0.263,5.3681,-0.629,Down
2020,-0.094,-0.629,0.116,0.25,-0.193,4.9455,-0.094,Down
2020,0.565,-0.094,-0.629,0.116,0.25,7.8521,0.565,Up
2021,-1.737,0.565,-0.094,-0.629,0.116,11.0211,-1.737,Down
2021,0.877,-1.737,0.565,-0.094,-0.629,6.6426,0.877,Up
2021,1.039,0.877,-1.737,0.565,-0.094,10.7998,1.039,Up
2021,0.798,1.039,0.877,-1.737,0.565,6.8767,0.798,Up
2021,0.176,0.798,1.039,0.877,-1.737,7.1677,0.176,Up
2021,0.222,0.176,0.798,1.039,0.877,5.1035,0.222,Up
2021,-0.032,0.222,0.176,0.798,1.039,5.2548,-0.032,Down
2021,0.29,-0.032,0.222,0.176,0.798,4.5304,0.29,Up
2021,-0.56,0.29,-0.032,0.222,0.176,4.9989,-0.56,Down
2021,-0.271,-0.56,0.29,-0.032,0.222,10.716,-0.271,Down
2021,0.082,-0.271,-0.56,0.29,-0.032,5.1233,0.082,Up
2021,0.729,0.082,-0.271,-0.56,0.29,6.1836,0.729,Up
2021,-0.065,0.729,0.082,-0.271,-0.56,4.784,-0.065,Down
2021,0.165,-0.065,0.729,0.082,-0.271,5.2861,0.165,Up
2021,0.188,0.165,-0.065,0.729,0.082,7.0402,0.188,Up
2021,-0.42,0.188,0.165,-0.065,0.729,4.2665,-0.42,Down
2021,-1.528,-0.42,0.188,0.165,-0.065,12.3351,-1.528,Down
2021,0.337,-1.528,-0.42,0.188,0.165,9.4198,0.337,Up
2021,-1.48,0.337,-1.528,-0.42,0.188,12.6765,-1.48,Down
2021,0.672,-1.48,0.337,-1.528,-0.42,7.5818,0.672,Up
2021,0.5,0.672,-1.48,0.337,-1.528,6.4451,0.5,Up
2021,-0.154,0.5,0.672,-1.48,0.337,5.2427,-0.154,Down
2021,0.843,-0.154,0.5,0.672,-1.48,4.7143,0.843,Up
2021,-0.126,0.843,-0.154,0.5,0.672,4.867,-0.126,Down
2021,0.319,-0.126,0.843,-0.154,0.5,3.8365,0.319,Up
2021,0.164,0.319,-0.126,0.843,-0.154,3.5551,0.164,Up
2021,-0.52,0.164,0.319,-0.126,0.843,5.9154,-0.52,Down
2021,-0.135,-0.52,0.164,0.319,-0.126,4.2913,-0.135,Down
2021,0.716,-0.135,-0.52,0.164,0.319,5.0593,0.716,Up
2021,-0.421,0.716,-0.135,-0.52,0.164,5.0972,-0.421,Down
2021,0.505,-0.421,0.716,-0.135,-0.52,5.2291,0.505,Up
2021,0.29,0.505,-0.421,0.716,-0.135,5.9713,0.29,Up
2021,-0.52,0.29,0.505,-0.421,0.716,8.3241,-0.52,Down
2021,-0.008,-0.52,0.29,0.505,-0.421,6.7414,-0.008,Down
2021,0.738,-0.008,-0.52,0.29,0.505,10.7284,0.738,Up
2021,1.408,0.738,-0.008,-0.52,0.29,7.2434,1.408,Up
2021,-2.07,1.408,0.738,-0.008,-0.52,14.6671,-2.07,Down
2021,-1.038,-2.07,1.408,0.738,-0.008,15.2702,-1.038,Down
2021,1.035,-1.038,-2.07,1.408,0.738,10.5349,1.035,Up
2021,-0.841,1.035,-1.038,-2.07,1.408,7.9595,-0.841,Down
2021,-1.133,-0.841,1.035,-1.038,-2.07,11.994,-1.133,Down
2021,-1.186,-1.133,-0.841,1.035,-1.038,18.3433,-1.186,Down
2021,0.833,-1.186,-1.133,-0.841,1.035,15.204,0.833,Up
2021,-0.764,0.833,-1.186,-1.133,-0.841,12.3149,-0.764,Down
2021,0.342,-0.764,0.833,-1.186,-1.133,11.3634,0.342,Up
2021,-0.028,0.342,-0.764,0.833,-1.186,10.9899,-0.028,Down
2021,0.331,-0.028,0.342,-0.764,0.833,8.6245,0.331,Up
2021,0.508,0.331,-0.028,0.342,-0.764,6.4654,0.508,Up
2021,0.527,0.508,0.331,-0.028,0.342,7.3427,0.527,Up
2021,-0.292,0.527,0.508,0.331,-0.028,7.3723,-0.292,Down
2021,0.692,-0.292,0.527,0.508,0.331,9.7959,0.692,Up
2021,-0.76,0.692,-0.292,0.527,0.508,11.5349,-0.76,Down
2021,-0.103,-0.76,0.692,-0.292,0.527,11.3625,-0.103,Down
2021,0.656,-0.103,-0.76,0.692,-0.292,7.3779,0.656,Up
2021,-0.615,0.656,-0.103,-0.76,0.692,9.0687,-0.615,Down
2021,-0.89,-0.615,0.656,-0.103,-0.76,9.7589,-0.89,Down
2021,0.964,-0.89,-0.615,0.656,-0.103,11.6129,0.964,Up
2021,1.292,0.964,-0.89,-0.615,0.656,11.4409,1.292,Up
2021,0.35,1.292,0.964,-0.89,-0.615,10.8108,0.35,Up
2021,0.079,0.35,1.292,0.964,-0.89,7.6262,0.079,Up
2021,0.25,0.079,0.35,1.292,0.964,11.2734,0.25,Up
2021,0.555,0.25,0.079,0.35,1.292,9.9683,0.555,Up
2021,0.719,0.555,0.25,0.079,0.35,9.1685,0.719,Up
2021,0.089,0.719,0.555,0.25,0.079,6.2021,0.089,Up
2021,0.16,0.089,0.719,0.555,0.25,5.5836,0.16,Up
2021,0.145,0.16,0.089,0.719,0.555,5.7863,0.145,Up
2021,0.759,0.145,0.16,0.089,0.719,6.1105,0.759,Up
2021,0.192,0.759,0.145,0.16,0.089,5.6705,0.192,Up
2021,0.323,0.192,0.759,0.145,0.16,5.6551,0.323,Up
2021,-0.334,0.323,0.192,0.759,0.145,6.166,-0.334,Down
2021,0.515,-0.334,0.323,0.192,0.759,6.023,0.515,Up
2021,0.002,0.515,-0.334,0.323,0.192,8.2037,0.002,Up
2021,-0.252,0.002,0.515,-0.334,0.323,7.8499,-0.252,Down
2021,-0.42,-0.252,0.002,0.515,-0.334,8.1852,-0.42,Down
2021,1.108,-0.42,-0.252,0.002,0.515,6.6793,1.108,Up
2021,-0.87,1.108,-0.42,-0.252,0.002,9.7583,-0.87,Down
2021,0.937,-0.87,1.108,-0.42,-0.252,7.3209,0.937,Up
2021,0.041,0.937,-0.87,1.108,-0.42,5.2182,0.041,Up
2021,-0.098,0.041,0.937,-0.87,1.108,5.1303,-0.098,Down
2021,-0.098,-0.098,0.041,0.937,-0.87,5.1239,-0.098,Down
2021,-0.062,-0.098,-0.098,0.041,0.937,7.8544,-0.062,Down
2021,-0.079,-0.062,-0.098,-0.098,0.041,8.5527,-0.079,Down
2021,-0.293,-0.079,-0.062,-0.098,-0.098,6.8128,-0.293,Down
2021,-0.108,-0.293,-0.079,-0.062,-0.098,10.1591,-0.108,Down
2021,-0.391,-0.108,-0.293,-0.079,-0.062,6.0162,-0.391,Down
2021,0.779,-0.391,-0.108,-0.293,-0.079,7.4321,0.779,Up
2021,0.531,0.779,-0.391,-0.108,-0.293,6.7734,0.531,Up
2021,-1.079,0.531,0.779,-0.391,-0.108,8.1852,-1.079,Down
2021,0.269,-1.079,0.531,0.779,-0.391,11.6888,0.269,Up
2021,-1.415,0.269,-1.079,0.531,0.779,13.4811,-1.415,Down
2021,0.789,-1.415,0.269,-1.079,0.531,10.6394,0.789,Up
2021,0.816,0.789,-1.415,0.269,-1.079,8.2202,0.816,Up
2021,0.031,0.816,0.789,-1.415,0.269,6.5129,0.031,Up
2021,-0.928,0.031,0.816,0.789,-1.415,5.981,-0.928,Down
2021,0.968,-0.928,0.031,0.816,0.789,10.6467,0.968,Up
2021,0.845,0.968,-0.928,0.031,0.816,7.8022,0.845,Up
2021,-0.463,0.845,0.968,-0.928,0.031,7.6579,-0.463,Down
2021,0.438,-0.463,0.845,0.968,-0.928,5.1377,0.438,Up
2021,-0.497,0.438,-0.463,0.845,0.968,5.7451,-0.497,Down
2021,0.048,-0.497,0.438,-0.463,0.845,4.3089,0.048,Up
2021,-0.209,0.048,-0.497,0.438,-0.463,5.6708,-0.209,Down
2021,-0.221,-0.209,0.048,-0.497,0.438,5.852,-0.221,Down
2021,-0.686,-0.221,-0.209,0.048,-0.497,5.4217,-0.686,Down
2021,-0.01,-0.686,-0.221,-0.209,0.048,4.9097,-0.01,Down
2021,0.22,-0.01,-0.686,-0.221,-0.209,5.8139,0.22,Up
2021,0.44,0.22,-0.01,-0.686,-0.221,5.5939,0.44,Up
2021,-0.095,0.44,0.22,-0.01,-0.686,5.1555,-0.095,Down
2021,-0.196,-0.095,0.44,0.22,-0.01,4.7134,-0.196,Down
2021,-0.362,-0.196,-0.095,0.44,0.22,4.8436,-0.362,Down
2021,0.154,-0.362,-0.196,-0.095,0.44,5.102,0.154,Up
2021,0.026,0.154,-0.362,-0.196,-0.095,4.5571,0.026,Up
2021,0.196,0.026,0.154,-0.362,-0.196,4.2359,0.196,Up
2021,-0.221,0.196,0.026,0.154,-0.362,5.1509,-0.221,Down
2021,-0.593,-0.221,0.196,0.026,0.154,8.0386,-0.593,Down
2021,0.071,-0.593,-0.221,0.196,0.026,9.095,0.071,Up
2021,-0.52,0.071,-0.593,-0.221,0.196,11.8676,-0.52,Down
2021,0.974,-0.52,0.071,-0.593,-0.221,7.2822,0.974,Up
2021,0.537,0.974,-0.52,0.071,-0.593,5.77,0.537,Up
2021,-0.139,0.537,0.974,-0.52,0.071,4.9445,-0.139,Down
2021,0.049,-0.139,0.537,0.974,-0.52,4.511,0.049,Up
2021,0.167,0.049,-0.139,0.537,0.974,5.813,0.167,Up
2021,0.07,0.167,0.049,-0.139,0.537,5.316,0.07,Up
2021,-0.042,0.07,0.167,0.049,-0.139,3.5971,-0.042,Down
2021,0.199,-0.042,0.07,0.167,0.049,6.4828,0.199,Up
2021,0.364,0.199,-0.042,0.07,0.167,5.3441,0.364,Up
2021,0.475,0.364,0.199,-0.042,0.07,5.7698,0.475,Up
2021,-0.196,0.475,0.364,0.199,-0.042,6.871,-0.196,Down
2021,0.184,-0.196,0.475,0.364,0.199,6.355,0.184,Up
2021,0.499,0.184,-0.196,0.475,0.364,9.7595,0.499,Up
2021,0.691,0.499,0.184,-0.196,0.475,7.6239,0.691,Up
2021,0.379,0.691,0.499,0.184,-0.196,5.289,0.379,Up
2021,-0.149,0.379,0.691,0.499,0.184,5.2911,-0.149,Down
2021,-0.265,-0.149,0.379,0.691,0.499,6.413,-0.265,Down
2021,-0.014,-0.265,-0.149,0.379,0.691,5.5126,-0.014,Down
2021,-1.071,-0.014,-0.265,-0.149,0.379,7.5875,-1.071,Down
2021,-0.286,-1.071,-0.014,-0.265,-0.149,14.7987,-0.286,Down
2021,1.264,-0.286,-1.071,-0.014,-0.265,9.9608,1.264,Up
2021,0.511,1.264,-0.286,-1.071,-0.014,6.4724,0.511,Up
2021,0.166,0.511,1.264,-0.286,-1.071,4.7879,0.166,Up
2021,0.553,0.166,0.511,1.264,-0.286,6.3767,0.553,Up
2021,0.389,0.553,0.166,0.511,1.264,4.3719,0.389,Up
2021,-0.205,0.389,0.553,0.166,0.511,6.7397,-0.205,Down
2021,-0.193,-0.205,0.389,0.553,0.166,5.2472,-0.193,Down
2021,0.189,-0.193,-0.205,0.389,0.553,4.7435,0.189,Up
2021,0.137,0.189,-0.193,-0.205,0.389,6.8951,0.137,Up
2021,-0.625,0.137,0.189,-0.193,-0.205,5.8783,-0.625,Down
2021,0.618,-0.625,0.137,0.189,-0.193,5.8054,0.618,Up
2021,-0.182,0.618,-0.625,0.137,0.189,4.6732,-0.182,Down
2021,0.35,-0.182,0.618,-0.625,0.137,3.897,0.35,Up
2021,0.088,0.35,-0.182,0.618,-0.625,4.693,0.088,Up
2021,-0.075,0.088,0.35,-0.182,0.618,4.1223,-0.075,Down
2021,0.016,-0.075,0.088,0.35,-0.182,4.3339,0.016,Up
2021,-0.009,0.016,-0.075,0.088,0.35,4.4034,-0.009,Down
2021,0.336,-0.009,0.016,-0.075,0.088,3.8909,0.336,Up
2021,0.074,0.336,-0.009,0.016,-0.075,3.947,0.074,Up
2021,0.549,0.074,0.336,-0.009,0.016,7.374,0.549,Up
2021,-0.045,0.549,0.074,0.336,-0.009,9.2674,-0.045,Down
2021,-0.853,-0.045,0.549,0.074,0.336,8.9352,-0.853,Down
2021,0.823,-0.853,-0.045,0.549,0.074,9.2812,0.823,Up
2021,0.711,0.823,-0.853,-0.045,0.549,7.2009,0.711,Up
2021,0.472,0.711,0.823,-0.853,-0.045,5.4973,0.472,Up
2021,0,0.472,0.711,0.823,-0.853,3.8745,0,Down
2021,0.165,0,0.472,0.711,0.823,4.053,0.165,Up
2021,-0.524,0.165,0,0.472,0.711,5.783,-0.524,Down
2021,0.7,-0.524,0.165,0,0.472,7.7235,0.7,Up
2021,0.279,0.7,-0.524,0.165,0,4.8357,0.279,Up
2021,-0.126,0.279,0.7,-0.524,0.165,5.93,-0.126,Down
2021,-0.168,-0.126,0.279,0.7,-0.524,4.8721,-0.168,Down
2021,-0.029,-0.168,-0.126,0.279,0.7,4.2501,-0.029,Down
2021,0.243,-0.029,-0.168,-0.126,0.279,4.7171,0.243,Up
2021,-0.276,0.243,-0.029,-0.168,-0.126,5.1672,-0.276,Down
2021,0.004,-0.276,0.243,-0.029,-0.168,5.6182,0.004,Up
2021,-0.382,0.004,-0.276,0.243,-0.029,5.797,-0.382,Down
2021,-1.242,-0.382,0.004,-0.276,0.243,8.9948,-1.242,Down
2021,-0.459,-1.242,-0.382,0.004,-0.276,8.3739,-0.459,Down
2021,-0.881,-0.459,-1.242,-0.382,0.004,7.8197,-0.881,Down
2021,0.733,-0.881,-0.459,-1.242,-0.382,7.8792,0.733,Up
2021,-0.034,0.733,-0.881,-0.459,-1.242,7.7787,-0.034,Down
2021,-0.791,-0.034,0.733,-0.881,-0.459,11.8425,-0.791,Down
2021,-0.193,-0.791,-0.034,0.733,-0.881,16.6446,-0.193,Down
2021,-0.664,-0.193,-0.791,-0.034,0.733,9.2526,-0.664,Down
2021,0.415,-0.664,-0.193,-0.791,-0.034,10.235,0.415,Up
2021,0.757,0.415,-0.664,-0.193,-0.791,7.6396,0.757,Up
2021,0.56,0.757,0.415,-0.664,-0.193,6.2095,0.56,Up
2021,-0.038,0.56,0.757,0.415,-0.664,6.1371,-0.038,Down
2021,-1.358,-0.038,0.56,0.757,0.415,13.0436,-1.358,Down
2021,-0.17,-1.358,-0.038,0.56,0.757,8.2329,-0.17,Down
2021,-1.578,-0.17,-1.358,-0.038,0.56,14.0506,-1.578,Down
2021,0.756,-1.578,-0.17,-1.358,-0.038,12.924,0.756,Up
2021,-1.007,0.756,-1.578,-0.17,-1.358,12.857,-1.007,Down
2021,0.665,-1.007,0.756,-1.578,-0.17,9.0683,0.665,Up
2021,1.312,0.665,-1.007,0.756,-1.578,11.3032,1.312,Up
2021,0.062,1.312,0.665,-1.007,0.756,7.2438,0.062,Up
2021,-0.369,0.062,1.312,0.665,-1.007,7.4557,-0.369,Down
2021,-0.565,-0.369,0.062,1.312,0.665,6.5233,-0.565,Down
2021,-0.471,-0.565,-0.369,0.062,1.312,7.1181,-0.471,Down
2021,0.108,-0.471,-0.565,-0.369,0.062,7.2974,0.108,Up
2021,0.779,0.108,-0.471,-0.565,-0.369,7.0237,0.779,Up
2021,0.252,0.779,0.108,-0.471,-0.565,6.626,0.252,Up
2021,0.725,0.252,0.779,0.108,-0.471,6.2213,0.725,Up
2021,0.383,0.725,0.252,0.779,0.108,4.6997,0.383,Up
2021,0.284,0.383,0.725,0.252,0.779,4.9572,0.284,Up
2021,0.403,0.284,0.383,0.725,0.252,4.1305,0.403,Up
2021,-0.002,0.403,0.284,0.383,0.725,5.8845,-0.002,Down
2021,0.28,-0.002,0.403,0.284,0.383,4.5215,0.28,Up
2021,-0.271,0.28,-0.002,0.403,0.284,5.6075,-0.271,Down
2021,-0.55,-0.271,0.28,-0.002,0.403,7.2438,-0.55,Down
2021,0.628,-0.55,-0.271,0.28,-0.002,5.1438,0.628,Up
2021,0.741,0.628,-0.55,-0.271,0.28,7.0162,0.741,Up
2021,-0.056,0.741,0.628,-0.55,-0.271,4.8434,-0.056,Down
2021,0.365,-0.056,0.741,0.628,-0.55,4.8908,0.365,Up
2021,0.741,0.365,-0.056,0.741,0.628,5.251,0.741,Up
2021,0.333,0.741,0.365,-0.056,0.741,5.2847,0.333,Up
2021,-0.16,0.333,0.741,0.365,-0.056,6.6391,-0.16,Down
2021,-0.164,-0.16,0.333,0.741,0.365,5.0405,-0.164,Down
2021,-0.413,-0.164,-0.16,0.333,0.741,5.1149,-0.413,Down
2021,-0.421,-0.413,-0.164,-0.16,0.333,6.943,-0.421,Down
2021,-0.31,-0.421,-0.413,-0.164,-0.16,3.4849,-0.31,Down
2021,0.462,-0.31,-0.421,-0.413,-0.164,5.3467,0.462,Up
2021,-0.258,0.462,-0.31,-0.421,-0.413,4.6981,-0.258,Down
2021,0.456,-0.258,0.462,-0.31,-0.421,4.8858,0.456,Up
2021,-0.183,0.456,-0.258,0.462,-0.31,4.7858,-0.183,Down
2021,0.104,-0.183,0.456,-0.258,0.462,5.0626,0.104,Up
2021,-0.153,0.104,-0.183,0.456,-0.258,5.7316,-0.153,Down
2021,-0.705,-0.153,0.104,-0.183,0.456,7.2762,-0.705,Down
2021,0.208,-0.705,-0.153,0.104,-0.183,7.3207,0.208,Up
2021,0.725,0.208,-0.705,-0.153,0.104,6.1859,0.725,Up
2021,-0.729,0.725,0.208,-0.705,-0.153,11.267,-0.729,Down
2021,0.114,-0.729,0.725,0.208,-0.705,8.6269,0.114,Up
2021,-1.394,0.114,-0.729,0.725,0.208,14.856,-1.394,Down
2021,-2.413,-1.394,0.114,-0.729,0.725,13.1939,-2.413,Down
2021,1.48,-2.413,-1.394,0.114,-0.729,12.7638,1.48,Up
2021,-1.252,1.48,-2.413,-1.394,0.114,13.7332,-1.252,Down
2021,0.583,-1.252,1.48,-2.413,-1.394,9.8978,0.583,Up
2021,0.833,0.583,-1.252,1.48,-2.413,9.5485,0.833,Up
2021,0.175,0.833,0.583,-1.252,1.48,7.2239,0.175,Up
2021,-0.384,0.175,0.833,0.583,-1.252,6.1273,-0.384,Down
2021,0.322,-0.384,0.175,0.833,0.583,7.716,0.322,Up
2021,-0.77,0.322,-0.384,0.175,0.833,8.7725,-0.77,Down
2021,0.058,-0.77,0.322,-0.384,0.175,9.7264,0.058,Up
2021,1.549,0.058,-0.77,0.322,-0.384,11.6899,1.549,Up
2021,-1.295,1.549,0.058,-0.77,0.322,11.6569,-1.295,Down
2021,-0.364,-1.295,1.549,0.058,-0.77,13.5512,-0.364,Down
2021,0.11,-0.364,-1.295,1.549,0.058,10.7135,0.11,Up
2021,0.97,0.11,-0.364,-1.295,1.549,6.9806,0.97,Up
2021,1.059,0.97,0.11,-0.364,-1.295,5.889,1.059,Up
2021,0.395,1.059,0.97,0.11,-0.364,5.644,0.395,Up
2021,1.102,0.395,1.059,0.97,0.11,5.6809,1.102,Up
2021,-0.178,1.102,0.395,1.059,0.97,4.7275,-0.178,Down
2021,0.105,-0.178,1.102,0.395,1.059,5.4503,0.105,Up
2021,-0.37,0.105,-0.178,1.102,0.395,5.5329,-0.37,Down
2021,-0.143,-0.37,0.105,-0.178,1.102,6.5237,-0.143,Down
2022,0.296,-0.143,-0.37,0.105,-0.178,7.2668,0.296,Up
2022,-0.348,0.296,-0.143,-0.37,0.105,7.1179,-0.348,Down
2022,-1.84,-0.348,0.296,-0.143,-0.37,10.4539,-1.84,Down
2022,0.011,-1.84,-0.348,0.296,-0.143,8.6859,0.011,Up
2022,-0.397,0.011,-1.84,-0.348,0.296,8.5112,-0.397,Down
2022,0.607,-0.397,0.011,-1.84,-0.348,11.9362,0.607,Up
2022,0.972,0.607,-0.397,0.011,-1.84,7.4303,0.972,Up
2022,-0.121,0.972,0.607,-0.397,0.011,6.7605,-0.121,Down
2022,-1.622,-0.121,0.972,0.607,-0.397,9.1173,-1.622,Down
2022,0.765,-1.622,-0.121,0.972,0.607,9.5891,0.765,Up
2022,-0.707,0.765,-1.622,-0.121,0.972,10.9709,-0.707,Down
2022,-1.393,-0.707,0.765,-1.622,-0.121,10.9358,-1.393,Down
2022,-1.543,-1.393,-0.707,0.765,-1.622,12.238,-1.543,Down
2022,-1.701,-1.543,-1.393,-0.707,0.765,20.2271,-1.701,Down
2022,1.808,-1.701,-1.543,-1.393,-0.707,25.1784,1.808,Up
2022,0.326,1.808,-1.701,-1.543,-1.393,16.7997,0.326,Up
2022,-1.665,0.326,1.808,-1.701,-1.543,18.6391,-1.665,Down
2022,-1.602,-1.665,0.326,1.808,-1.701,14.9878,-1.602,Down
2022,2.142,-1.602,-1.665,0.326,1.808,16.4457,2.142,Up
2022,1.965,2.142,-1.602,-1.665,0.326,15.2251,1.965,Up
2022,0.504,1.965,2.142,-1.602,-1.665,12.3155,0.504,Up
2022,0.406,0.504,1.965,2.142,-1.602,11.7361,0.406,Up
2022,-0.965,0.406,0.504,1.965,2.142,11.8024,-0.965,Down
2022,0.526,-0.965,0.406,0.504,1.965,11.8454,0.526,Up
2022,-0.501,0.526,-0.965,0.406,0.504,8.4473,-0.501,Down
2022,0.942,-0.501,0.526,-0.965,0.406,8.1012,0.942,Up
2022,0.51,0.942,-0.501,0.526,-0.965,9.259,0.51,Up
2022,-0.448,0.51,0.942,-0.501,0.526,14.0104,-0.448,Down
2022,-1.992,-0.448,0.51,0.942,-0.501,15.3215,-1.992,Down
2022,-0.205,-1.992,-0.448,0.51,0.942,12.3006,-0.205,Down
2022,0.534,-0.205,-1.992,-0.448,0.51,8.8483,0.534,Up
2022,0.601,0.534,-0.205,-1.992,-0.448,8.4864,0.601,Up
2022,-1.39,0.601,0.534,-0.205,-1.992,10.2259,-1.39,Down
2022,-0.709,-1.39,0.601,0.534,-0.205,13.2643,-0.709,Down
2022,-0.537,-0.709,-1.39,0.601,0.534,12.4392,-0.537,Down
2022,-2.475,-0.537,-0.709,-1.39,0.601,13.2578,-2.475,Down
2022,4.204,-2.475,-0.537,-0.709,-1.39,21.3943,4.204,Up
2022,1.895,4.204,-2.475,-0.537,-0.709,12.1805,1.895,Up
2022,1.065,1.895,4.204,-2.475,-0.537,14.5615,1.065,Up
2022,-1.163,1.065,1.895,4.204,-2.475,13.7786,-1.163,Down
2022,1.277,-1.163,1.065,1.895,4.204,11.7727,1.277,Up
2022,-1.081,1.277,-1.163,1.065,1.895,10.5502,-1.081,Down
2022,0.097,-1.081,1.277,-1.163,1.065,11.3978,0.097,Up
2022,-2.808,0.097,-1.081,1.277,-1.163,13.7897,-2.808,Down
2022,-0.803,-2.808,0.097,-1.081,1.277,16.4773,-0.803,Down
2022,0.534,-0.803,-2.808,0.097,-1.081,11.6991,0.534,Up
2022,0.701,0.534,-0.803,-2.808,0.097,9.3973,0.701,Up
2022,-1.88,0.701,0.534,-0.803,-2.808,9.5636,-1.88,Down
2022,-0.924,-1.88,0.701,0.534,-0.803,9.5729,-0.924,Down
2022,1.525,-0.924,-1.88,0.701,0.534,10.6219,1.525,Up
2022,1.333,1.525,-0.924,-1.88,0.701,14.4955,1.333,Up
2022,1.725,1.333,1.525,-0.924,-1.88,10.2677,1.725,Up
2022,1.489,1.725,1.333,1.525,-0.924,10.6346,1.489,Up
2022,0.011,1.489,1.725,1.333,1.525,8.835,0.011,Up
2022,0.837,0.011,1.489,1.725,1.333,7.465,0.837,Up
2022,-0.696,0.837,0.011,1.489,1.725,7.9426,-0.696,Down
2022,1.02,-0.696,0.837,0.011,1.489,6.4737,1.02,Up
2022,0.339,1.02,-0.696,0.837,0.011,7.7101,0.339,Up
2022,0.852,0.339,1.02,-0.696,0.837,6.853,0.852,Up
2022,0.333,0.852,0.339,1.02,-0.696,8.6582,0.333,Up
2022,-0.356,0.333,0.852,0.339,1.02,7.9667,-0.356,Down
2022,-1.365,-0.356,0.333,0.852,0.339,12.17,-1.365,Down
2022,-0.086,-1.365,-0.356,0.333,0.852,8.9049,-0.086,Down
2022,0.81,-0.086,-1.365,-0.356,0.333,5.9601,0.81,Up
2022,-0.92,0.81,-0.086,-1.365,-0.356,7.4215,-0.92,Down
2022,-0.083,-0.92,0.81,-0.086,-1.365,10.6898,-0.083,Down
2022,0.714,-0.083,-0.92,0.81,-0.086,7.8097,0.714,Up
2022,-0.089,0.714,-0.083,-0.92,0.81,7.9273,-0.089,Down
2022,-0.943,-0.089,0.714,-0.083,-0.92,8.9771,-0.943,Down
2022,-1.081,-0.943,-0.089,0.714,-0.083,8.4364,-1.081,Down
2022,1.205,-1.081,-0.943,-0.089,0.714,7.407,1.205,Up
2022,-1.299,1.205,-1.081,-0.943,-0.089,9.787,-1.299,Down
2022,0.266,-1.299,1.205,-1.081,-0.943,6.6003,0.266,Up
2022,1.64,0.266,-1.299,1.205,-1.081,7.7821,1.64,Up
2022,-0.495,1.64,0.266,-1.299,1.205,6.5224,-0.495,Down
2022,-2.336,-0.495,1.64,0.266,-1.299,8.5417,-2.336,Down
2022,-2.488,-2.336,-0.495,1.64,0.266,13.2472,-2.488,Down
2022,1.142,-2.488,-2.336,-0.495,1.64,11.9648,1.142,Up
2022,-2.285,1.142,-2.488,-2.336,-0.495,10.3996,-2.285,Down
2022,0.007,-2.285,1.142,-2.488,-2.336,12.203,0.007,Up
2022,1.307,0.007,-2.285,1.142,-2.488,10.5449,1.307,Up
2022,-2.736,1.307,0.007,-2.285,1.142,14.5491,-2.736,Down
2022,0.585,-2.736,1.307,0.007,-2.285,15.8313,0.585,Up
2022,0.33,0.585,-2.736,1.307,0.007,10.0028,0.33,Up
2022,2.872,0.33,0.585,-2.736,1.307,14.4248,2.872,Up
2022,-2.53,2.872,0.33,0.585,-2.736,17.2929,-2.53,Down
2022,0.058,-2.53,2.872,0.33,0.585,15.1771,0.058,Up
2022,-1.711,0.058,-2.53,2.872,0.33,15.5586,-1.711,Down
2022,-1.335,-1.711,0.058,-2.53,2.872,13.2497,-1.335,Down
2022,-1.336,-1.335,-1.711,0.058,-2.53,14.2361,-1.336,Down
2022,0.763,-1.336,-1.335,-1.711,0.058,12.5091,0.763,Up
2022,1.263,0.763,-1.336,-1.335,-1.711,10.4174,1.263,Up
2022,0.027,1.263,0.763,-1.336,-1.335,7.8622,0.027,Up
2022,0.44,0.027,1.263,0.763,-1.336,8.303,0.44,Up
2022,-2.885,0.44,0.027,1.263,0.763,11.7675,-2.885,Down
2022,0.216,-2.885,0.44,0.027,1.263,9.8511,0.216,Up
2022,-0.921,0.216,-2.885,0.44,0.027,13.1432,-0.921,Down
2022,1.041,-0.921,0.216,-2.885,0.44,7.6415,1.041,Up
2022,0.339,1.041,-0.921,0.216,-2.885,9.1449,0.339,Up
2022,1.29,0.339,1.041,-0.921,0.216,9.1473,1.29,Up
2022,1.666,1.29,0.339,1.041,-0.921,8.2168,1.666,Up
2022,1.802,1.666,1.29,0.339,1.041,8.4769,1.802,Up
2022,-0.15,1.802,1.666,1.29,0.339,9.5937,-0.15,Down
2022,-1.344,-0.15,1.802,1.666,1.29,8.6586,-1.344,Down
2022,1.947,-1.344,-0.15,1.802,1.666,7.961,1.947,Up
2022,-0.451,1.947,-1.344,-0.15,1.802,7.1874,-0.451,Down
2022,-0.721,-0.451,1.947,-1.344,-0.15,5.7509,-0.721,Down
2022,1.872,-0.721,-0.451,1.947,-1.344,5.9272,1.872,Up
2022,-0.655,1.872,-0.721,-0.451,1.947,6.435,-0.655,Down
2022,-1.93,-0.655,1.872,-0.721,-0.451,8.629,-1.93,Down
2022,-1.286,-1.93,-0.655,1.872,-0.721,13.2894,-1.286,Down
2022,-1.277,-1.286,-1.93,-0.655,1.872,17.0005,-1.277,Down
2022,-0.791,-1.277,-1.286,-1.93,-0.655,10.4012,-0.791,Down
2022,0.488,-0.791,-1.277,-1.286,-1.93,12.5667,0.488,Up
2022,-1.042,0.488,-0.791,-1.277,-1.286,13.4473,-1.042,Down
2022,0.096,-1.042,0.488,-0.791,-1.277,11.1114,0.096,Up
2022,0.855,0.096,-1.042,0.488,-0.791,7.6812,0.855,Up
2022,1.017,0.855,0.096,-1.042,0.488,9.0059,1.017,Up
2022,0.377,1.017,0.855,0.096,-1.042,7.9292,0.377,Up
2022,2.276,0.377,1.017,0.855,0.096,9.805,2.276,Up
2022,-0.629,2.276,0.377,1.017,0.855,6.601,-0.629,Down
2022,-2.455,-0.629,2.276,0.377,1.017,8.6549,-2.455,Down
2022,-0.233,-2.455,-0.629,2.276,0.377,6.5676,-0.233,Down
2022,0.268,-0.233,-2.455,-0.629,2.276,11.2508,0.268,Up
2022,1.243,0.268,-0.233,-2.455,-0.629,7.484,1.243,Up
2022,1.618,1.243,0.268,-0.233,-2.455,8.1438,1.618,Up
2022,0.298,1.618,1.243,0.268,-0.233,7.0426,0.298,Up
2022,1.005,0.298,1.618,1.243,0.268,6.4526,1.005,Up
2022,0.362,1.005,0.298,1.618,1.243,7.2398,0.362,Up
2022,-0.42,0.362,1.005,0.298,1.618,5.8367,-0.42,Down
2022,-0.735,-0.42,0.362,1.005,0.298,6.2219,-0.735,Down
2022,0.994,-0.735,-0.42,0.362,1.005,8.4225,0.994,Up
2022,1.151,0.994,-0.735,-0.42,0.362,8.9705,1.151,Up
2022,0.674,1.151,0.994,-0.735,-0.42,7.906,0.674,Up
2022,-1.656,0.674,1.151,0.994,-0.735,6.3204,-1.656,Down
2022,1.603,-1.656,0.674,1.151,0.994,7.8506,1.603,Up
2022,0.586,1.603,-1.656,0.674,1.151,7.1844,0.586,Up
2022,1.175,0.586,1.603,-1.656,0.674,6.4904,1.175,Up
2022,-0.96,1.175,0.586,1.603,-1.656,7.2197,-0.96,Down
2022,-0.045,-0.96,1.175,0.586,1.603,5.3632,-0.045,Down
2022,-0.749,-0.045,-0.96,1.175,0.586,5.2946,-0.749,Down
2022,1.694,-0.749,-0.045,-0.96,1.175,8.2342,1.694,Up
2022,1.04,1.694,-0.749,-0.045,-0.96,7.3967,1.04,Up
2022,1.082,1.04,1.694,-0.749,-0.045,8.7004,1.082,Up
2022,0.396,1.082,1.04,1.694,-0.749,6.9998,0.396,Up
2022,-0.259,0.396,1.082,1.04,1.694,6.3435,-0.259,Down
2022,1.011,-0.259,0.396,1.082,1.04,6.7821,1.011,Up
2022,-0.048,1.011,-0.259,0.396,1.082,4.5657,-0.048,Down
2022,0.93,-0.048,1.011,-0.259,0.396,5.6815,0.93,Up
2022,-0.544,0.93,-0.048,1.011,-0.259,5.3886,-0.544,Down
2022,-0.211,-0.544,0.93,-0.048,1.011,4.4932,-0.211,Down
2022,0.289,-0.211,-0.544,0.93,-0.048,6.8666,0.289,Up
2022,-0.709,0.289,-0.211,-0.544,0.93,5.949,-0.709,Down
2022,1.201,-0.709,0.289,-0.211,-0.544,6.1695,1.201,Up
2022,0.963,1.201,-0.709,0.289,-0.211,5.4048,0.963,Up
2022,0.461,0.963,1.201,-0.709,0.289,5.9289,0.461,Up
2022,0.174,0.461,0.963,1.201,-0.709,6.3563,0.174,Up
2022,0.241,0.174,0.461,0.963,1.201,4.9023,0.241,Up
2022,-0.668,0.241,0.174,0.461,0.963,6.8017,-0.668,Down
2022,-0.887,-0.668,0.241,0.174,0.461,7.7696,-0.887,Down
2022,-0.133,-0.887,-0.668,0.241,0.174,4.9105,-0.133,Down
2022,0.379,-0.133,-0.887,-0.668,0.241,4.9178,0.379,Up
2022,1.028,0.379,-0.133,-0.887,-0.668,5.0942,1.028,Up
2022,-3.357,1.028,0.379,-0.133,-0.887,10.3087,-3.357,Down
2022,0.107,-3.357,1.028,0.379,-0.133,6.5371,0.107,Up
2022,-1.397,0.107,-3.357,1.028,0.379,8.5652,-1.397,Down
2022,-1.188,-1.397,0.107,-3.357,1.028,7.603,-1.188,Down
2022,0.898,-1.188,-1.397,0.107,-3.357,7.874,0.898,Up
2022,-2.009,0.898,-1.188,-1.397,0.107,9.9632,-2.009,Down
2022,-0.603,-2.009,0.898,-1.188,-1.397,7.6637,-0.603,Down
2022,1.883,-0.603,-2.009,0.898,-1.188,7.0964,1.883,Up
2022,1.262,1.883,-0.603,-2.009,0.898,8.0822,1.262,Up
2022,0.958,1.262,1.883,-0.603,-2.009,7.6707,0.958,Up
2022,0.536,0.958,1.262,1.883,-0.603,6.9256,0.536,Up
2022,-2.173,0.536,0.958,1.262,1.883,12.2947,-2.173,Down
2022,0.033,-2.173,0.536,0.958,1.262,8.5024,0.033,Up
2022,-0.723,0.033,-2.173,0.536,0.958,8.7634,-0.723,Down
2022,0.37,-0.723,0.033,-2.173,0.536,10.3085,0.37,Up
2022,1.645,0.37,-0.723,0.033,-2.173,7.3279,1.645,Up
2022,-0.252,1.645,0.37,-0.723,0.033,7.7275,-0.252,Down
2022,-2.258,-0.252,1.645,0.37,-0.723,10.6747,-2.258,Down
2022,-0.627,-2.258,-0.252,1.645,0.37,8.9473,-0.627,Down
2022,-0.71,-0.627,-2.258,-0.252,1.645,12.2347,-0.71,Down
2022,-0.573,-0.71,-0.627,-2.258,-0.252,9.2581,-0.573,Down
2022,-1.261,-0.573,-0.71,-0.627,-2.258,10.8294,-1.261,Down
2022,1.688,-1.261,-0.573,-0.71,-0.627,11.0802,1.688,Up
2022,-1.096,1.688,-1.261,-0.573,-0.71,11.2952,-1.096,Down
2022,-1.277,-1.096,1.688,-1.261,-0.573,15.3711,-1.277,Down
2022,1.532,-1.277,-1.096,1.688,-1.261,8.9757,1.532,Up
2022,1.496,1.532,-1.277,-1.096,1.688,10.3603,1.496,Up
2022,0.991,1.496,1.532,-1.277,-1.096,8.8066,0.991,Up
2022,-0.644,0.991,1.496,1.532,-1.277,8.2334,-0.644,Down
2022,-1.675,-0.644,0.991,1.496,1.532,10.779,-1.675,Down
2022,-1.083,-1.675,-0.644,0.991,1.496,7.6043,-1.083,Down
2022,-0.14,-1.083,-1.675,-0.644,0.991,9.2483,-0.14,Down
2022,-0.45,-0.14,-1.083,-1.675,-0.644,7.6992,-0.45,Down
2022,4.799,-0.45,-0.14,-1.083,-1.675,14.7255,4.799,Up
2022,-2.963,4.799,-0.45,-0.14,-1.083,12.3737,-2.963,Down
2022,0.772,-2.963,4.799,-0.45,-0.14,9.3168,0.772,Up
2022,-1.066,0.772,-2.963,4.799,-0.45,9.7163,-1.066,Down
2022,-0.133,-1.066,0.772,-2.963,4.799,7.9747,-0.133,Down
2022,-0.712,-0.133,-1.066,0.772,-2.963,8.8283,-0.712,Down
2022,2.512,-0.712,-0.133,-1.066,0.772,13.1038,2.512,Up
2022,0.793,2.512,-0.712,-0.133,-1.066,8.5437,0.793,Up
2022,1.618,0.793,2.512,-0.712,-0.133,7.8846,1.618,Up
2022,0.105,1.618,0.793,2.512,-0.712,10.4087,0.105,Up
2022,-0.807,0.105,1.618,0.793,2.512,8.1972,-0.807,Down
2022,2.409,-0.807,0.105,1.618,0.793,10.0302,2.409,Up
2022,-0.06,2.409,-0.807,0.105,1.618,9.6631,-0.06,Down
2022,-1.441,-0.06,2.409,-0.807,0.105,8.5408,-1.441,Down
2022,-2.352,-1.441,-0.06,2.409,-0.807,12.699,-2.352,Down
2022,-0.124,-2.352,-1.441,-0.06,2.409,8.71,-0.124,Down
2022,-0.172,-0.124,-2.352,-1.441,-0.06,10.3505,-0.172,Down
2022,0.593,-0.172,-0.124,-2.352,-1.441,6.8287,0.593,Up
2022,0.234,0.593,-0.172,-0.124,-2.352,8.4641,0.234,Up
2022,-1.527,0.234,0.593,-0.172,-0.124,7.8496,-1.527,Down
2022,1.711,-1.527,0.234,0.593,-0.172,14.1456,1.711,Up
2022,0.738,1.711,-1.527,0.234,0.593,9.384,0.738,Up
2022,-0.388,0.738,1.711,-1.527,0.234,7.1904,-0.388,Down
2022,-0.663,-0.388,0.738,1.711,-1.527,9.3195,-0.663,Down
2022,-0.335,-0.663,-0.388,0.738,1.711,6.8509,-0.335,Down
2022,0.968,-0.335,-0.663,-0.388,0.738,7.4496,0.968,Up
2022,-0.43,0.968,-0.335,-0.663,-0.388,9.2923,-0.43,Down
2022,-0.013,-0.43,0.968,-0.335,-0.663,5.1243,-0.013,Down
2022,0.824,-0.013,-0.43,0.968,-0.335,6.0429,0.824,Up
2022,0.718,0.824,-0.013,-0.43,0.968,6.8262,0.718,Up
2022,0.124,0.718,0.824,-0.013,-0.43,3.0545,0.124,Up
2022,-0.797,0.124,0.718,0.824,-0.013,6.7882,-0.797,Down
2022,-0.207,-0.797,0.124,0.718,0.824,5.231,-0.207,Down
2022,3.082,-0.207,-0.797,0.124,0.718,14.4567,3.082,Up
2022,-0.34,3.082,-0.207,-0.797,0.124,7.6398,-0.34,Down
2022,1.158,-0.34,3.082,-0.207,-0.797,8.5343,1.158,Up
2022,-1.079,1.158,-0.34,3.082,-0.207,7.729,-1.079,Down
2022,-1.4,-1.079,1.158,-0.34,3.082,7.7972,-1.4,Down
2022,0.056,-1.4,-1.079,1.158,-0.34,6.5928,0.056,Up
2022,0.278,0.056,-1.4,-1.079,1.158,6.0738,0.278,Up
2022,-0.42,0.278,0.056,-1.4,-1.079,8.1448,-0.42,Down
2022,1.228,-0.42,0.278,0.056,-1.4,7.5406,1.228,Up
2022,-2.011,1.228,-0.42,0.278,0.056,12.3783,-2.011,Down
2022,-0.55,-2.011,1.228,-0.42,0.278,10.8111,-0.55,Down
2022,-1.184,-0.55,-2.011,1.228,-0.42,11.7706,-1.184,Down
2022,-0.496,-1.184,-0.55,-2.011,1.228,11.9858,-0.496,Down
2022,-0.9,-0.496,-1.184,-0.55,-2.011,7.9878,-0.9,Down
2022,0.345,-0.9,-0.496,-1.184,-0.55,7.4427,0.345,Up
2022,0.778,0.345,-0.9,-0.496,-1.184,7.8167,0.778,Up
2022,-0.608,0.778,0.345,-0.9,-0.496,10.0121,-0.608,Down
2022,0.859,-0.608,0.778,0.345,-0.9,5.9857,0.859,Up
2022,-0.363,0.859,-0.608,0.778,0.345,5.1638,-0.363,Down
2022,-1.225,-0.363,0.859,-0.608,0.778,7.0912,-1.225,Down
2022,1.004,-1.225,-0.363,0.859,-0.608,6.6971,1.004,Up
2022,0.47,1.004,-1.225,-0.363,0.859,8.4022,0.47,Up
2023,-0.924,0.47,1.004,-1.225,-0.363,7.4851,-0.924,Down
2023,0.151,-0.924,0.47,1.004,-1.225,8.5934,0.151,Up
2023,-0.613,0.151,-0.924,0.47,1.004,7.6971,-0.613,Down
2023,1.43,-0.613,0.151,-0.924,0.47,10.419,1.43,Up
2023,-0.643,1.43,-0.613,0.151,-0.924,7.3978,-0.643,Down
2023,0.86,-0.643,1.43,-0.613,0.151,6.5358,0.86,Up
2023,0.839,0.86,-0.643,1.43,-0.613,6.8881,0.839,Up
2023,0.073,0.839,0.86,-0.643,1.43,9.0158,0.073,Up
2023,1.24,0.073,0.839,0.86,-0.643,6.3904,1.24,Up
2023,-0.178,1.24,0.073,0.839,0.86,6.2677,-0.178,Down
2023,-1.885,-0.178,1.24,0.073,0.839,9.9632,-1.885,Down
2023,-0.185,-1.885,-0.178,1.24,0.073,8.6959,-0.185,Down
2023,1.482,-0.185,-1.885,-0.178,1.24,9.1806,1.482,Up
2023,0.986,1.482,-0.185,-1.885,-0.178,8.4179,0.986,Up
2023,0.331,0.986,1.482,-0.185,-1.885,5.9525,0.331,Up
2023,1.111,0.331,0.986,1.482,-0.185,8.48,1.111,Up
2023,0.402,1.111,0.331,0.986,1.482,7.2287,0.402,Up
2023,0.5,0.402,1.111,0.331,0.986,6.8346,0.5,Up
2023,-0.549,0.5,0.402,1.111,0.331,7.4202,-0.549,Down
2023,1.334,-0.549,0.5,0.402,1.111,8.6812,1.334,Up
2023,1.38,1.334,-0.549,0.5,0.402,10.1459,1.38,Up
2023,0.463,1.38,1.334,-0.549,0.5,10.1655,0.463,Up
2023,0.185,0.463,1.38,1.334,-0.549,9.4737,0.185,Up
2023,0.01,0.185,0.463,1.38,1.334,6.0295,0.01,Up
2023,1.546,0.01,0.185,0.463,1.38,9.0991,1.546,Up
2023,-0.6,1.546,0.01,0.185,0.463,7.6228,-0.6,Down
2023,-1.766,-0.6,1.546,0.01,0.185,7.8695,-1.766,Down
2023,0.537,-1.766,-0.6,1.546,0.01,7.077,0.537,Up
2023,1.006,0.537,-1.766,-0.6,1.546,6.4914,1.006,Up
2023,0.34,1.006,0.537,-1.766,-0.6,8.8389,0.34,Up
2023,0.885,0.34,1.006,0.537,-1.766,6.1556,0.885,Up
2023,-0.125,0.885,0.34,1.006,0.537,7.6432,-0.125,Down
2023,0.296,-0.125,0.885,0.34,1.006,8.9258,0.296,Up
2023,-0.985,0.296,-0.125,0.885,0.34,8.2656,-0.985,Down
2023,-0.245,-0.985,0.296,-0.125,0.885,8.3742,-0.245,Down
2023,-0.224,-0.245,-0.985,0.296,-0.125,9.6242,-0.224,Down
2023,0.243,-0.224,-0.245,-0.985,0.296,10.8194,0.243,Up
2023,-0.535,0.243,-0.224,-0.245,-0.985,8.0445,-0.535,Down
2023,-0.244,-0.535,0.243,-0.224,-0.245,9.6439,-0.244,Down
2023,-0.169,-0.244,-0.535,0.243,-0.224,9.9707,-0.169,Down
2023,1.306,-0.169,-0.244,-0.535,0.243,8.5128,1.306,Up
2023,1.121,1.306,-0.169,-0.244,-0.535,9.012,1.121,Up
2023,-0.143,1.121,1.306,-0.169,-0.244,7.2796,-0.143,Down
2023,-1.521,-0.143,1.121,1.306,-0.169,10.8311,-1.521,Down
2023,0.133,-1.521,-0.143,1.121,1.306,7.4747,0.133,Up
2023,-2.046,0.133,-1.521,-0.143,1.121,11.1945,-2.046,Down
2023,-1.299,-2.046,0.133,-1.521,-0.143,18.9253,-1.299,Down
2023,0.93,-1.299,-2.046,0.133,-1.521,15.779,0.93,Up
2023,0.315,0.93,-1.299,-2.046,0.133,14.9752,0.315,Up
2023,0.878,0.315,0.93,-1.299,-2.046,17.2997,0.878,Up
2023,2.402,0.878,0.315,0.93,-1.299,14.3254,2.402,Up
2023,-0.821,2.402,0.878,0.315,0.93,14.0553,-0.821,Down
2023,0.752,-0.821,2.402,0.878,0.315,9.3056,0.752,Up
2023,0.42,0.752,-0.821,2.402,0.878,9.1524,0.42,Up
2023,-1.66,0.42,0.752,-0.821,2.402,11.1747,-1.66,Down
2023,-0.486,-1.66,0.42,0.752,-0.821,11.9351,-0.486,Down
2023,0.998,-0.486,-1.66,0.42,0.752,10.7682,0.998,Up
2023,-0.409,0.998,-0.486,-1.66,0.42,7.401,-0.409,Down
2023,-0.043,-0.409,0.998,-0.486,-1.66,6.2872,-0.043,Down
2023,0.355,-0.043,-0.409,0.998,-0.486,7.7498,0.355,Up
2023,-0.097,0.355,-0.043,-0.409,0.998,6.984,-0.097,Down
2023,1.169,-0.097,0.355,-0.043,-0.409,11.2063,1.169,Up
2023,0.514,1.169,-0.097,0.355,-0.043,6.7391,0.514,Up
2023,-0.717,0.514,1.169,-0.097,0.355,6.6602,-0.717,Down
2023,-0.076,-0.717,0.514,1.169,-0.097,6.52,-0.076,Down
2023,0.595,-0.076,-0.717,0.514,1.169,6.3743,0.595,Up
2023,0.738,0.595,-0.076,-0.717,0.514,6.3681,0.738,Up
2023,-0.132,0.738,0.595,-0.076,-0.717,5.9298,-0.132,Down
2023,-0.927,-0.132,0.738,0.595,-0.076,8.642,-0.927,Down
2023,1.048,-0.927,-0.132,0.738,0.595,8.5815,1.048,Up
2023,-0.085,1.048,-0.927,-0.132,0.738,7.8162,-0.085,Down
2023,0.381,-0.085,1.048,-0.927,-0.132,6.6436,0.381,Up
2023,-0.33,0.381,-0.085,1.048,-0.927,6.356,-0.33,Down
2023,0.466,-0.33,0.381,-0.085,1.048,5.5227,0.466,Up
2023,0.163,0.466,-0.33,0.381,-0.085,7.584,0.163,Up
2023,0.002,0.163,0.466,-0.33,0.381,7.3457,0.002,Up
2023,0.155,0.002,0.163,0.466,-0.33,6.4332,0.155,Up
2023,-1.096,0.155,0.002,0.163,0.466,9.7767,-1.096,Down
2023,-0.58,-1.096,0.155,0.002,0.163,8.0447,-0.58,Down
2023,1.329,-0.58,-1.096,0.155,0.002,9.2968,1.329,Up
2023,1.079,1.329,-0.58,-1.096,0.155,8.9336,1.079,Up
2023,0.01,1.079,1.329,-0.58,-1.096,6.2122,0.01,Up
2023,-0.948,0.01,1.079,1.329,-0.58,10.3999,-0.948,Down
2023,-0.812,-0.948,0.01,1.079,1.329,9.1532,-0.812,Down
2023,-0.442,-0.812,-0.948,0.01,1.079,9.4902,-0.442,Down
2023,0.91,-0.442,-0.812,-0.948,0.01,8.7844,0.91,Up
2023,-0.056,0.91,-0.442,-0.812,-0.948,5.0047,-0.056,Down
2023,-0.049,-0.056,0.91,-0.442,-0.812,4.922,-0.049,Down
2023,-0.249,-0.049,-0.056,0.91,-0.442,9.6143,-0.249,Down
2023,0.044,-0.249,-0.049,-0.056,0.91,7.0157,0.044,Up
2023,-0.443,0.044,-0.249,-0.049,-0.056,7.0439,-0.443,Down
2023,0.192,-0.443,0.044,-0.249,-0.049,5.4289,0.192,Up
2023,-0.391,0.192,-0.443,0.044,-0.249,5.7706,-0.391,Down
2023,0.698,-0.391,0.192,-0.443,0.044,8.7287,0.698,Up
2023,1.044,0.698,-0.391,0.192,-0.443,9.7177,1.044,Up
2023,-0.369,1.044,0.698,-0.391,0.192,10.368,-0.369,Down
2023,0.036,-0.369,1.044,0.698,-0.391,6.0745,0.036,Up
2023,-0.717,0.036,-0.369,1.044,0.698,8.6384,-0.717,Down
2023,-0.322,-0.717,0.036,-0.369,1.044,8.9214,-0.322,Down
2023,-0.022,-0.322,-0.717,0.036,-0.369,9.0962,-0.022,Down
2023,1.129,-0.022,-0.322,-0.717,0.036,9.383,1.129,Up
2023,-0.438,1.129,-0.022,-0.322,-0.717,7.2216,-0.438,Down
2023,-0.103,-0.438,1.129,-0.022,-0.322,11.0812,-0.103,Down
2023,0.892,-0.103,-0.438,1.129,-0.022,8.8865,0.892,Up
2023,0.806,0.892,-0.103,-0.438,1.129,9.1367,0.806,Up
2023,-0.276,0.806,0.892,-0.103,-0.438,6.546,-0.276,Down
2023,0.319,-0.276,0.806,0.892,-0.103,6.4022,0.319,Up
2023,-0.441,0.319,-0.276,0.806,0.892,8.5373,-0.441,Down
2023,0.588,-0.441,0.319,-0.276,0.806,6.1953,0.588,Up
2023,-0.014,0.588,-0.441,0.319,-0.276,8.5743,-0.014,Down
2023,0.668,-0.014,0.588,-0.441,0.319,7.6104,0.668,Up
2023,0.308,0.668,-0.014,0.588,-0.441,9.59,0.308,Up
2023,0.039,0.308,0.668,-0.014,0.588,10.0612,0.039,Up
2023,1.437,0.039,0.308,0.668,-0.014,11.0303,1.437,Up
2023,-0.804,1.437,0.039,0.308,0.668,11.4121,-0.804,Down
2023,-0.062,-0.804,1.437,0.039,0.308,7.616,-0.062,Down
2023,-0.28,-0.062,-0.804,1.437,0.039,7.6982,-0.28,Down
2023,0.59,-0.28,-0.062,-0.804,1.437,7.0637,0.59,Up
2023,0.065,0.59,-0.28,-0.062,-0.804,9.2075,0.065,Up
2023,-0.273,0.065,0.59,-0.28,-0.062,7.2824,-0.273,Down
2023,0.884,-0.273,0.065,0.59,-0.28,7.2814,0.884,Up
2023,0.308,0.884,-0.273,0.065,0.59,7.5636,0.308,Up
2023,0.493,0.308,0.884,-0.273,0.065,6.7882,0.493,Up
2023,0.417,0.493,0.308,0.884,-0.273,10.4922,0.417,Up
2023,0.196,0.417,0.493,0.308,0.884,3.2793,0.196,Up
2023,0.276,0.196,0.417,0.493,0.308,5.8418,0.276,Up
2023,0.055,0.276,0.196,0.417,0.493,8.0658,0.055,Up
2023,-0.018,0.055,0.276,0.196,0.417,8.6076,-0.018,Down
2023,0.338,-0.018,0.055,0.276,0.196,6.2444,0.338,Up
2023,0.456,0.338,-0.018,0.055,0.276,6.4464,0.456,Up
2023,-0.083,0.456,0.338,-0.018,0.055,9.1925,-0.083,Down
2023,0.371,-0.083,0.456,0.338,-0.018,7.2425,0.371,Up
2023,-0.266,0.371,-0.083,0.456,0.338,6.9762,-0.266,Down
2023,0.381,-0.266,0.371,-0.083,0.456,5.268,0.381,Up
2023,0.819,0.381,-0.266,0.371,-0.083,8.0744,0.819,Up
2023,0.042,0.819,0.381,-0.266,0.371,6.5892,0.042,Up
2023,-0.438,0.042,0.819,0.381,-0.266,7.0592,-0.438,Down
2023,-0.392,-0.438,0.042,0.819,0.381,7.1245,-0.392,Down
2023,0.183,-0.392,-0.438,0.042,0.819,5.4023,0.183,Up
2023,0.335,0.183,-0.392,-0.438,0.042,5.5191,0.335,Up
2023,0.229,0.335,0.183,-0.392,-0.438,7.1053,0.229,Up
2023,-1.423,0.229,0.335,0.183,-0.392,9.2194,-1.423,Down
2023,0.228,-1.423,0.229,0.335,0.183,8.0012,0.228,Up
2023,0.083,0.228,-1.423,0.229,0.335,6.204,0.083,Up
2023,0.046,0.083,0.228,-1.423,0.229,5.5292,0.046,Up
2023,-0.688,0.046,0.083,0.228,-1.423,9.3933,-0.688,Down
2023,0.179,-0.688,0.046,0.083,0.228,6.4276,0.179,Up
2023,-0.868,0.179,-0.688,0.046,0.083,10.0052,-0.868,Down
2023,0.446,-0.868,0.179,-0.688,0.046,5.8358,0.446,Up
2023,0.15,0.446,-0.868,0.179,-0.688,7.1361,0.15,Up
2023,-0.73,0.15,0.446,-0.868,0.179,7.879,-0.73,Down
2023,-0.509,-0.73,0.15,0.446,-0.868,9.3006,-0.509,Down
2023,0.378,-0.509,-0.73,0.15,0.446,6.8665,0.378,Up
2023,0.767,0.378,-0.509,-0.73,0.15,4.7867,0.767,Up
2023,-0.757,0.767,0.378,-0.509,-0.73,7.5708,-0.757,Down
2023,-0.637,-0.757,0.767,0.378,-0.509,8.0107,-0.637,Down
2023,-1.104,-0.637,-0.757,0.767,0.378,9.5711,-1.104,Down
2023,0.722,-1.104,-0.637,-0.757,0.767,9.8758,0.722,Up
2023,0.409,0.722,-1.104,-0.637,-0.757,6.8719,0.409,Up
2023,-0.687,0.409,0.722,-1.104,-0.637,6.5063,-0.687,Down
2023,0.861,-0.687,0.409,0.722,-1.104,6.8441,0.861,Up
2023,-1.754,0.861,-0.687,0.409,0.722,8.8517,-1.754,Down
2023,0.294,-1.754,0.861,-0.687,0.409,10.2325,0.294,Up
2023,0.118,0.294,-1.754,0.861,-0.687,6.1595,0.118,Up
2023,1.471,0.118,0.294,-1.754,0.861,8.3082,1.471,Up
2023,0.334,1.471,0.118,0.294,-1.754,6.9054,0.334,Up
2023,-0.288,0.334,1.471,0.118,0.294,6.6085,-0.288,Down
2023,-0.437,-0.288,0.334,1.471,0.118,5.8876,-0.437,Down
2023,-0.331,-0.437,-0.288,0.334,1.471,5.5166,-0.331,Down
2023,-0.486,-0.331,-0.437,-0.288,0.334,7.0759,-0.486,Down
2023,0.393,-0.486,-0.331,-0.437,-0.288,7.0355,0.393,Up
2023,0.139,0.393,-0.486,-0.331,-0.437,6.166,0.139,Up
2023,0.047,0.139,0.393,-0.486,-0.331,6.018,0.047,Up
2023,-0.215,0.047,0.139,0.393,-0.486,6.7565,-0.215,Down
2023,0.065,-0.215,0.047,0.139,0.393,6.0199,0.065,Up
2023,0.287,0.065,-0.215,0.047,0.139,8.3431,0.287,Up
2023,-0.843,0.287,0.065,-0.215,0.047,11.1761,-0.843,Down
2023,0.131,-0.843,0.287,0.065,-0.215,5.5752,0.131,Up
2023,0.007,0.131,-0.843,0.287,0.065,6.6515,0.007,Up
2023,-1.209,0.007,0.131,-0.843,0.287,8.2563,-1.209,Down
2023,-0.989,-1.209,0.007,0.131,-0.843,10.3976,-0.989,Down
2023,-0.469,-0.989,-1.209,0.007,0.131,10.083,-0.469,Down
2023,0.713,-0.469,-0.989,-1.209,0.007,7.0875,0.713,Up
2023,-0.748,0.713,-0.469,-0.989,-1.209,9.6168,-0.748,Down
2023,-0.244,-0.748,0.713,-0.469,-0.989,10.4706,-0.244,Down
2023,0.714,-0.244,-0.748,0.713,-0.469,9.2258,0.714,Up
2023,-0.971,0.714,-0.244,-0.748,0.713,11.5079,-0.971,Down
2023,0.162,-0.971,0.714,-0.244,-0.748,8.3799,0.162,Up
2023,-0.816,0.162,-0.971,0.714,-0.244,10.3761,-0.816,Down
2023,0.614,-0.816,0.162,-0.971,0.714,8.7453,0.614,Up
2023,0.033,0.614,-0.816,0.162,-0.971,7.0143,0.033,Up
2023,1.794,0.033,0.614,-0.816,0.162,11.3203,1.794,Up
2023,1.102,1.794,0.033,0.614,-0.816,8.0374,1.102,Up
2023,0.37,1.102,1.794,0.033,0.614,7.8607,0.37,Up
2023,0.156,0.37,1.102,1.794,0.033,6.2452,0.156,Up
2023,-0.753,0.156,0.37,1.102,1.794,8.1154,-0.753,Down
2023,-0.852,-0.753,0.156,0.37,1.102,9.5143,-0.852,Down
2023,0.512,-0.852,-0.753,0.156,0.37,7.5433,0.512,Up
2023,0.742,0.512,-0.852,-0.753,0.156,7.5325,0.742,Up
2023,-0.917,0.742,0.512,-0.852,-0.753,9.356,-0.917,Down
2023,-1.049,-0.917,0.742,0.512,-0.852,12.1323,-1.049,Down
2023,-1.124,-1.049,-0.917,0.742,0.512,12.3846,-1.124,Down
2023,0.203,-1.124,-1.049,-0.917,0.742,9.2035,0.203,Up
2023,0.232,0.203,-1.124,-1.049,-0.917,7.8564,0.232,Up
2023,-1.029,0.232,0.203,-1.124,-1.049,9.4223,-1.029,Down
2023,-0.936,-1.029,0.232,0.203,-1.124,11.5157,-0.936,Down
2023,-0.847,-0.936,-1.029,0.232,0.203,10.7368,-0.847,Down
2023,0.491,-0.847,-0.936,-1.029,0.232,8.6563,0.491,Up
2023,0.485,0.491,-0.847,-0.936,-1.029,7.9665,0.485,Up
2023,0.825,0.485,0.491,-0.847,-0.936,9.8068,0.825,Up
2023,0.98,0.825,0.485,0.491,-0.847,9.4939,0.98,Up
2023,0.358,0.98,0.825,0.485,0.491,10.0111,0.358,Up
2023,0.051,0.358,0.98,0.825,0.485,6.7832,0.051,Up
2023,0.285,0.051,0.358,0.98,0.825,6.4256,0.285,Up
2023,-0.069,0.285,0.051,0.358,0.98,6.1746,-0.069,Down
2023,-1.047,-0.069,0.285,0.051,0.358,8.3174,-1.047,Down
2023,1.062,-1.047,-0.069,0.285,0.051,8.9462,1.062,Up
2023,0.219,1.062,-1.047,-0.069,0.285,5.2236,0.219,Up
2023,0.54,0.219,1.062,-1.047,-0.069,9.7177,0.54,Up
2023,-0.096,0.54,0.219,1.062,-1.047,7.7328,-0.096,Down
2023,0.225,-0.096,0.54,0.219,1.062,6.6666,0.225,Up
2023,0.122,0.225,-0.096,0.54,0.219,8.3133,0.122,Up
2023,0.828,0.122,0.225,-0.096,0.54,6.9936,0.828,Up
2023,0.02,0.828,0.122,0.225,-0.096,4.9245,0.02,Up
2023,0.009,0.02,0.828,0.122,0.225,5.9395,0.009,Up
